"Postcode_District","Merged_Postcode_District","Estimated_Population"
"AB10","AB10",22604
"AB11","AB11",21084
"AB12","AB12",27839
"AB13","AB13_AB14",7909
"AB14","AB13_AB14",7909
"AB15","AB15",38064
"AB16","AB16",28299
"AB21","AB21",24487
"AB22","AB22",16110
"AB23","AB23",12023
"AB24","AB24",36344
"AB25","AB25",18017
"AB30","AB30",7650
"AB31","AB31",15524
"AB32","AB32",14167
"AB33","AB33_AB35_AB36",8712
"AB34","AB34",5763
"AB35","AB33_AB35_AB36",8712
"AB36","AB33_AB35_AB36",8712
"AB37","AB37_AB38_IV32",10778
"AB38","AB37_AB38_IV32",10778
"AB39","AB39",17854
"AB41","AB41",21198
"AB42","AB42",34827
"AB43","AB43",23847
"AB44","AB44_AB45",14960
"AB45","AB44_AB45",14960
"AB51","AB51",36878
"AB52","AB52",5325
"AB53","AB53",12175
"AB54","AB54",11439
"AB55","AB55",9145
"AB56","AB56",15159
"AL1","AL1",39448
"AL2","AL2",23952
"AL3","AL3",29375
"AL4","AL4",28013
"AL5","AL5",31568
"AL6","AL6",11740
"AL7","AL7",36140
"AL8","AL8",13916
"AL9","AL9",11449
"AL10","AL10",42986
"B1","B1",10639
"B2","B2_B3_B4",8470
"B3","B2_B3_B4",8470
"B4","B2_B3_B4",8470
"B5","B5",16699
"B6","B6",20408
"B7","B7",11162
"B8","B8",45975
"B9","B9",27762
"B10","B10",27039
"B11","B11",45947
"B12","B12",21432
"B13","B13",39038
"B14","B14",43657
"B15","B15",21683
"B16","B16",27442
"B17","B17",28304
"B18","B18",19194
"B19","B19",23449
"B20","B20",37177
"B21","B21",32312
"B23","B23",48430
"B24","B24",29552
"B25","B25",17234
"B26","B26",33830
"B27","B27",26631
"B28","B28",31227
"B29","B29",48132
"B30","B30",29739
"B31","B31",56320
"B32","B32",39186
"B33","B33",36394
"B34","B34",20169
"B35","B35",9759
"B36","B36",36173
"B37","B37_B40",37086
"B38","B38",21025
"B40","B37_B40",37086
"B42","B42",24898
"B43","B43",30301
"B44","B44",37558
"B45","B45",31548
"B46","B46",12537
"B47","B47",10062
"B48","B48",6202
"B49","B49",10454
"B50","B50",6183
"B60","B60",28827
"B61","B61",25967
"B62","B62",24392
"B63","B63",37627
"B64","B64",17431
"B65","B65",24111
"B66","B66",24412
"B67","B67",31096
"B68","B68",32626
"B69","B69",30883
"B70","B70",31030
"B71","B71",32721
"B72","B72",9436
"B73","B73",22753
"B74","B74",32088
"B75","B75",26495
"B76","B76",21091
"B77","B77",56303
"B78","B78",25247
"B79","B79",23070
"B80","B80",7112
"B90","B90",48218
"B91","B91",34537
"B92","B92",37165
"B93","B93",20222
"B94","B94",7220
"B95","B95",6053
"B96","B96",5404
"B97","B97",33663
"B98","B98",49238
"BA1","BA1",43840
"BA2","BA2",80737
"BA3","BA3",36956
"BA4","BA4",18292
"BA5","BA5",18964
"BA6","BA6",13588
"BA7","BA10_BA7",7598
"BA8","BA8_BA9",12288
"BA9","BA8_BA9",12288
"BA10","BA10_BA7",7598
"BA11","BA11",34561
"BA12","BA12",29329
"BA13","BA13",21025
"BA14","BA14",52761
"BA15","BA15",13347
"BA16","BA16",14061
"BA20","BA20",11637
"BA21","BA21",35625
"BA22","BA22",18629
"BB1","BB1",67703
"BB2","BB2",60625
"BB3","BB3",33236
"BB4","BB4",42863
"BB5","BB5",61677
"BB6","BB6",14849
"BB7","BB7",34183
"BB8","BB8",23045
"BB9","BB9",46840
"BB10","BB10",38074
"BB11","BB11",23398
"BB12","BB12",34300
"BB18","BB18",16794
"BD1","BD1",7374
"BD2","BD2",30766
"BD3","BD3",34458
"BD4","BD4",32968
"BD5","BD5",33315
"BD6","BD6",30447
"BD7","BD7_BD99",35986
"BD8","BD8",32295
"BD9","BD9",29584
"BD10","BD10",27061
"BD11","BD11",11102
"BD12","BD12",17078
"BD13","BD13",25885
"BD14","BD14",8370
"BD15","BD15",16324
"BD16","BD16_BD97",25739
"BD17","BD17_BD98",18467
"BD18","BD18",26948
"BD19","BD19",22984
"BD20","BD20",37078
"BD21","BD21",26285
"BD22","BD22",29788
"BD23","BD23",30156
"BD24","BD24",5428
"BD97","BD16_BD97",25739
"BD98","BD17_BD98",18467
"BD99","BD7_BD99",35986
"BH1","BH1",25543
"BH2","BH2",10162
"BH3","BH3",5528
"BH4","BH4",9819
"BH5","BH5",11351
"BH6","BH6",23179
"BH7","BH7",11872
"BH8","BH8",29648
"BH9","BH9",31064
"BH10","BH10",20374
"BH11","BH11",19960
"BH12","BH12",35748
"BH13","BH13",8348
"BH14","BH14",24797
"BH15","BH15",35424
"BH16","BH16",15973
"BH17","BH17",22520
"BH18","BH18",11865
"BH19","BH19",11637
"BH20","BH20",21273
"BH21","BH21",41778
"BH22","BH22",27629
"BH23","BH23",55234
"BH24","BH24",24215
"BH25","BH25",26344
"BH31","BH31",13548
"BL0","BL0",17187
"BL1","BL1",66673
"BL2","BL2",46547
"BL3","BL11_BL3",67179
"BL4","BL4",34845
"BL5","BL5",26902
"BL6","BL6",29918
"BL7","BL7",15089
"BL8","BL8",36257
"BL9","BL9",50359
"BL11","BL11_BL3",67179
"BN1","BN1",90756
"BN2","BN2_BN88",99762
"BN3","BN3",83435
"BN5","BN5",7630
"BN6","BN45_BN6",19565
"BN7","BN7",21694
"BN8","BN8",17118
"BN9","BN9",14272
"BN10","BN10",20121
"BN11","BN11",34402
"BN12","BN12_BN99",21789
"BN13","BN13",29260
"BN14","BN14",31915
"BN15","BN15_BN95",28077
"BN16","BN16",29039
"BN17","BN17",31043
"BN18","BN18",13396
"BN20","BN20",21499
"BN21","BN21",26727
"BN22","BN22",33751
"BN23","BN23",28910
"BN24","BN24",10385
"BN25","BN25",24638
"BN26","BN26",13359
"BN27","BN27",30374
"BN41","BN41",21058
"BN42","BN42",10396
"BN43","BN43",24104
"BN44","BN44",10369
"BN45","BN45_BN6",19565
"BN88","BN2_BN88",99762
"BN95","BN15_BN95",28077
"BN99","BN12_BN99",21789
"BR1","BR1",59869
"BR2","BR2",49798
"BR3","BR3",50840
"BR4","BR4",19545
"BR5","BR5",49115
"BR6","BR6",47764
"BR7","BR7",18753
"BR8","BR8",23065
"BS1","BS1",19388
"BS2","BS2",19528
"BS3","BS3",40055
"BS4","BS4",50202
"BS5","BS5",56489
"BS6","BS6",34721
"BS7","BS7",44147
"BS8","BS8",27826
"BS9","BS9",32213
"BS10","BS10",29015
"BS11","BS11",18517
"BS13","BS13",31179
"BS14","BS14",28684
"BS15","BS15",49993
"BS16","BS16",86859
"BS20","BS20",33064
"BS21","BS21",23350
"BS22","BS22",38388
"BS23","BS23",36136
"BS24","BS24",23058
"BS25","BS25_BS29",9493
"BS26","BS26_BS28",8276
"BS27","BS27",7060
"BS28","BS26_BS28",8276
"BS29","BS25_BS29",9493
"BS30","BS30",30199
"BS31","BS31",22438
"BS32","BS32",25580
"BS34","BS34",34254
"BS35","BS35",23124
"BS36","BS36",16211
"BS37","BS37",39693
"BS39","BS39",16605
"BS40","BS40",12996
"BS41","BS41",6342
"BS48","BS48",23225
"BS49","BS49",12058
"BT1","BT1_BT3_BT7",25769
"BT2","BT12_BT2",29302
"BT3","BT1_BT3_BT7",25769
"BT4","BT4",25691
"BT5","BT5",39725
"BT6","BT6",30700
"BT7","BT1_BT3_BT7",25769
"BT8","BT8",28885
"BT9","BT9",29319
"BT10","BT10",11999
"BT11","BT11",28252
"BT12","BT12_BT2",29302
"BT13","BT13",23907
"BT14","BT14",33815
"BT15","BT15",26497
"BT16","BT16",17337
"BT17","BT17",34145
"BT18","BT18",13534
"BT19","BT19",37526
"BT20","BT20",25642
"BT21","BT21",7722
"BT22","BT22",22590
"BT23","BT23",56797
"BT24","BT24",17857
"BT25","BT25",16493
"BT26","BT26",9407
"BT27","BT27",23046
"BT28","BT28",43418
"BT29","BT29",13936
"BT30","BT30",35723
"BT31","BT31",8874
"BT32","BT32",26066
"BT33","BT33",10918
"BT34","BT34",62822
"BT35","BT35",48215
"BT36","BT36",47552
"BT37","BT37",26300
"BT38","BT38",40428
"BT39","BT39",23912
"BT40","BT40",26130
"BT41","BT41",43840
"BT42","BT42",34907
"BT43","BT43",23369
"BT44","BT44",24956
"BT45","BT45",37335
"BT46","BT46",11013
"BT47","BT47",61491
"BT48","BT48",60734
"BT49","BT49",23929
"BT51","BT51",26651
"BT52","BT52",17468
"BT53","BT53",26492
"BT54","BT54_BT57",12752
"BT55","BT55",8042
"BT56","BT56",6955
"BT57","BT54_BT57",12752
"BT60","BT60",33304
"BT61","BT61",17871
"BT62","BT62",33075
"BT63","BT63",20820
"BT64","BT64_BT65",12076
"BT65","BT64_BT65",12076
"BT66","BT66",34782
"BT67","BT67",24399
"BT68","BT68_BT69_BT76_BT77",7294
"BT69","BT68_BT69_BT76_BT77",7294
"BT70","BT70",22971
"BT71","BT71",41662
"BT74","BT74",17405
"BT75","BT75_BT94",19824
"BT76","BT68_BT69_BT76_BT77",7294
"BT77","BT68_BT69_BT76_BT77",7294
"BT78","BT78",28756
"BT79","BT79",28007
"BT80","BT80",24631
"BT81","BT81",8401
"BT82","BT82",26415
"BT92","BT92",17342
"BT93","BT93",11409
"BT94","BT75_BT94",19824
"CA1","CA1",24793
"CA2","CA2",40079
"CA3","CA3",13600
"CA4","CA4",9298
"CA5","CA5",6963
"CA6","CA6",9145
"CA7","CA7",23064
"CA8","CA8",10314
"CA9","CA10_CA9",15982
"CA10","CA10_CA9",15982
"CA11","CA11",22542
"CA12","CA12",7936
"CA13","CA13",15188
"CA14","CA14",36091
"CA15","CA15",16722
"CA16","CA16_CA17",11059
"CA17","CA16_CA17",11059
"CA18","CA18_CA19_CA20_CA21_LA19",6524
"CA19","CA18_CA19_CA20_CA21_LA19",6524
"CA20","CA18_CA19_CA20_CA21_LA19",6524
"CA21","CA18_CA19_CA20_CA21_LA19",6524
"CA22","CA22_CA27",10311
"CA23","CA23_CA24_CA26",5933
"CA24","CA23_CA24_CA26",5933
"CA25","CA25",6004
"CA26","CA23_CA24_CA26",5933
"CA27","CA22_CA27",10311
"CA28","CA28",28349
"CB1","CB1",49593
"CB2","CB2",18352
"CB3","CB3",20200
"CB4","CB4",40686
"CB5","CB5",11833
"CB6","CB6",40170
"CB7","CB7",29392
"CB8","CB8",33700
"CB9","CB9",33931
"CB10","CB10",14962
"CB11","CB11",19068
"CB21","CB21",15631
"CB22","CB22",25157
"CB23","CB23",34356
"CB24","CB24",35316
"CB25","CB25",18574
"CF3","CF3",44530
"CF5","CF5",67514
"CF10","CF10_CF99",19035
"CF11","CF11",39649
"CF14","CF14",79165
"CF15","CF15",18512
"CF23","CF23",48180
"CF24","CF24",59792
"CF31","CF31",45422
"CF32","CF32",31378
"CF33","CF33",15335
"CF34","CF34",20443
"CF35","CF35",19710
"CF36","CF36",15821
"CF37","CF37",38760
"CF38","CF38",23856
"CF39","CF39",29294
"CF40","CF40",20550
"CF41","CF41",10693
"CF42","CF42",13596
"CF43","CF43",11676
"CF44","CF44",40860
"CF45","CF45",19764
"CF46","CF46",14666
"CF47","CF47",22540
"CF48","CF48",27660
"CF61","CF61",9938
"CF62","CF62",43627
"CF63","CF63",22839
"CF64","CF64",37811
"CF71","CF71",9310
"CF72","CF72",28367
"CF81","CF81_NP24",21437
"CF82","CF82",20536
"CF83","CF83",56005
"CF99","CF10_CF99",19035
"CH1","CH1_CH88",32072
"CH2","CH2",35376
"CH3","CH3",34573
"CH4","CH4",33756
"CH5","CH5",43203
"CH6","CH6",16943
"CH7","CH7",50981
"CH8","CH8",20707
"CH27","CH27_CH44",30186
"CH34","CH34_CH65",27139
"CH41","CH41",19832
"CH42","CH42",32609
"CH43","CH43",37654
"CH44","CH27_CH44",30186
"CH45","CH45",31075
"CH46","CH46",25293
"CH47","CH47",10897
"CH48","CH48",15319
"CH49","CH49",29699
"CH60","CH60",13137
"CH61","CH61",17074
"CH62","CH62",30038
"CH63","CH63",30216
"CH64","CH64",19007
"CH65","CH34_CH65",27139
"CH66","CH66",34943
"CH88","CH1_CH88",32072
"CM0","CM0",16971
"CM1","CM1",68240
"CM2","CM2",59779
"CM3","CM3",54618
"CM4","CM4",10649
"CM5","CM5_RM4",15194
"CM6","CM6",28947
"CM7","CM7",50776
"CM8","CM8",34418
"CM9","CM9",34289
"CM11","CM11",19221
"CM12","CM12",20484
"CM13","CM13",24850
"CM14","CM14",21227
"CM15","CM15",23982
"CM16","CM16",23449
"CM17","CM17",22997
"CM18","CM18",24835
"CM19","CM19",19539
"CM20","CM20",24299
"CM21","CM21",11765
"CM22","CM22",15363
"CM23","CM23",43110
"CM24","CM24",8333
"CM77","CM77",15575
"CO1","CO1",18545
"CO2","CO2",42248
"CO3","CO3",31073
"CO4","CO4",52469
"CO5","CO5",28584
"CO6","CO6",28457
"CO7","CO7",35621
"CO8","CO8_CO9",28441
"CO9","CO8_CO9",28441
"CO10","CO10",50029
"CO11","CO11",13307
"CO12","CO12",23542
"CO13","CO13",12617
"CO14","CO14",6831
"CO15","CO15",45764
"CO16","CO16",25685
"CR0","CR0_CR9",166446
"CR2","CR2",50123
"CR3","CR3",30956
"CR4","CR4",60273
"CR5","CR5",30084
"CR6","CR6",10219
"CR7","CR7",45708
"CR8","CR8",33665
"CR9","CR0_CR9",166446
"CT1","CT1",34954
"CT2","CT2",34775
"CT3","CT3",18964
"CT4","CT4",17362
"CT5","CT5",34456
"CT6","CT6",40955
"CT7","CT7",11954
"CT8","CT8",8146
"CT9","CT9",46729
"CT10","CT10",25837
"CT11","CT11",30245
"CT12","CT12",18911
"CT13","CT13",8808
"CT14","CT14",36489
"CT15","CT15",12929
"CT16","CT16",21523
"CT17","CT17",23280
"CT18","CT18",15309
"CT19","CT19",28578
"CT20","CT20",24579
"CT21","CT21",17878
"CV1","CV1",45477
"CV2","CV2",72441
"CV3","CV3",71834
"CV4","CV4",37633
"CV5","CV5",50380
"CV6","CV6",95384
"CV7","CV7",29259
"CV8","CV8",32151
"CV9","CV9",22931
"CV10","CV10",52536
"CV11","CV11",39906
"CV12","CV12",31541
"CV13","CV13",11375
"CV21","CV21",39099
"CV22","CV22",37276
"CV23","CV23",24012
"CV31","CV31",33674
"CV32","CV32",33321
"CV33","CV33",6774
"CV34","CV34",32602
"CV35","CV35",24957
"CV36","CV36",9677
"CV37","CV37",44320
"CV47","CV47",17831
"CW1","CW1",44193
"CW2","CW2",42091
"CW3","CW3",10288
"CW4","CW4",9967
"CW5","CW5",30713
"CW6","CW6",12891
"CW7","CW7",32280
"CW8","CW8",37479
"CW9","CW9",34145
"CW10","CW10",15286
"CW11","CW11",24259
"CW12","CW12",30372
"DA1","DA1",61572
"DA2","DA2",24262
"DA3","DA3",17130
"DA4","DA4",9598
"DA5","DA5",21334
"DA6","DA6",10984
"DA7","DA7",36050
"DA8","DA8",37107
"DA9","DA9",14328
"DA10","DA10",8689
"DA11","DA11",41204
"DA12","DA12",49576
"DA13","DA13",14149
"DA14","DA14",23045
"DA15","DA15",29320
"DA16","DA16",37761
"DA17","DA17",19769
"DA18","DA18",5441
"DD1","DD1",14143
"DD2","DD2",42161
"DD3","DD3",36855
"DD4","DD4",43844
"DD5","DD5",32865
"DD6","DD6",9229
"DD7","DD7",12423
"DD8","DD8",29144
"DD9","DD9",10633
"DD10","DD10",22065
"DD11","DD11",29078
"DE1","DE1",16711
"DE3","DE3",17274
"DE4","DE4",34527
"DE5","DE5",22823
"DE6","DE6",26457
"DE7","DE7",51480
"DE11","DE11",48406
"DE12","DE12",21745
"DE13","DE13",40520
"DE14","DE14",33513
"DE15","DE15",24428
"DE21","DE21",56221
"DE22","DE22",48250
"DE23","DE23",64805
"DE24","DE24",57604
"DE45","DE45",8327
"DE55","DE55",53416
"DE56","DE56",40769
"DE65","DE65",23935
"DE72","DE72",20657
"DE73","DE73",20218
"DE74","DE74",12848
"DE75","DE75",18971
"DG1","DG1",26714
"DG2","DG2",23816
"DG3","DG3_DG4",9162
"DG4","DG3_DG4",9162
"DG5","DG5",5162
"DG6","DG6",5264
"DG7","DG7",12294
"DG8","DG8",12508
"DG9","DG9",15763
"DG10","DG10_DG13_DG14_DG16",11804
"DG11","DG11",13268
"DG12","DG12",12843
"DG13","DG10_DG13_DG14_DG16",11804
"DG14","DG10_DG13_DG14_DG16",11804
"DG16","DG10_DG13_DG14_DG16",11804
"DH1","DH1_DH99",55910
"DH2","DH2",30848
"DH3","DH3",26776
"DH4","DH4",33796
"DH5","DH5",20527
"DH6","DH6",35449
"DH7","DH7",42668
"DH8","DH8",39922
"DH9","DH9",37670
"DH99","DH1_DH99",55910
"DL1","DL1",47768
"DL2","DL2",18208
"DL3","DL3",43254
"DL4","DL4",10035
"DL5","DL5",29277
"DL6","DL6",15371
"DL7","DL7",16114
"DL8","DL8",19293
"DL9","DL9",16843
"DL10","DL10",18915
"DL11","DL11",5034
"DL12","DL12",12643
"DL13","DL13",13792
"DL14","DL14",38010
"DL15","DL15",22812
"DL16","DL16",21272
"DL17","DL17",17657
"DN1","DN1",10694
"DN2","DN2",25147
"DN3","DN3",30366
"DN4","DN4",57669
"DN5","DN5",39940
"DN6","DN6",30933
"DN7","DN7",25113
"DN8","DN8",17877
"DN9","DN9",21261
"DN10","DN10",12719
"DN11","DN11",28504
"DN12","DN12",24269
"DN14","DN14",48653
"DN15","DN15",38800
"DN16","DN16",33001
"DN17","DN17",36911
"DN18","DN18",12585
"DN19","DN19_DN39",9212
"DN20","DN20",19396
"DN21","DN21",39945
"DN22","DN22",37121
"DN31","DN31",9465
"DN32","DN32",29236
"DN33","DN33",20794
"DN34","DN34",19576
"DN35","DN35",34206
"DN36","DN36",19499
"DN37","DN37",21170
"DN38","DN38_LN7",9224
"DN39","DN19_DN39",9212
"DN40","DN40",12531
"DN41","DN41",6424
"DT1","DT1",21082
"DT2","DT2",25418
"DT3","DT3",24113
"DT4","DT4",37466
"DT5","DT5",12793
"DT6","DT6",21899
"DT7","DT7",5545
"DT8","DT8",5727
"DT9","DT9",21346
"DT10","DT10",12031
"DT11","DT11",30689
"DY1","DY1",34547
"DY2","DY2",35834
"DY3","DY3",35216
"DY4","DY4",45794
"DY5","DY5",42520
"DY6","DY6",27890
"DY7","DY7",8065
"DY8","DY8",51349
"DY9","DY9",31015
"DY10","DY10",36971
"DY11","DY11",31906
"DY12","DY12",12037
"DY13","DY13",22643
"DY14","DY14",8709
"E1","E1",84075
"E1W","E1W_E98_EC3N",17027
"E2","E2",53629
"E3","E3",68059
"E4","E4",65647
"E5","E5",53365
"E6","E6",83138
"E7","E7",56649
"E8","E8",46489
"E9","E9",43553
"E10","E10",46462
"E11","E11",58495
"E12","E12",44140
"E13","E13",52073
"E14","E14",105783
"E15","E15",62134
"E16","E16",56685
"E17","E17",110395
"E18","E18",21366
"E20","E20",8942
"E98","E1W_E98_EC3N",17027
"EC1A","EC1A_EC2A_EC2M_EC2N_EC2P_EC2R_EC2V_EC2Y_EC3A_EC3M_EC3R_EC3V_EC4A_EC4M_EC4N_EC4R_EC4V_EC4Y",9146
"EC1M","EC1M_EC1Y",6317
"EC1N","EC1N_WC1A_WC1B_WC1E_WC1R_WC1V_WC2A",9797
"EC1R","EC1R",6070
"EC1V","EC1V",18860
"EC1Y","EC1M_EC1Y",6317
"EC2A","EC1A_EC2A_EC2M_EC2N_EC2P_EC2R_EC2V_EC2Y_EC3A_EC3M_EC3R_EC3V_EC4A_EC4M_EC4N_EC4R_EC4V_EC4Y",9146
"EC2M","EC1A_EC2A_EC2M_EC2N_EC2P_EC2R_EC2V_EC2Y_EC3A_EC3M_EC3R_EC3V_EC4A_EC4M_EC4N_EC4R_EC4V_EC4Y",9146
"EC2N","EC1A_EC2A_EC2M_EC2N_EC2P_EC2R_EC2V_EC2Y_EC3A_EC3M_EC3R_EC3V_EC4A_EC4M_EC4N_EC4R_EC4V_EC4Y",9146
"EC2P","EC1A_EC2A_EC2M_EC2N_EC2P_EC2R_EC2V_EC2Y_EC3A_EC3M_EC3R_EC3V_EC4A_EC4M_EC4N_EC4R_EC4V_EC4Y",9146
"EC2R","EC1A_EC2A_EC2M_EC2N_EC2P_EC2R_EC2V_EC2Y_EC3A_EC3M_EC3R_EC3V_EC4A_EC4M_EC4N_EC4R_EC4V_EC4Y",9146
"EC2V","EC1A_EC2A_EC2M_EC2N_EC2P_EC2R_EC2V_EC2Y_EC3A_EC3M_EC3R_EC3V_EC4A_EC4M_EC4N_EC4R_EC4V_EC4Y",9146
"EC2Y","EC1A_EC2A_EC2M_EC2N_EC2P_EC2R_EC2V_EC2Y_EC3A_EC3M_EC3R_EC3V_EC4A_EC4M_EC4N_EC4R_EC4V_EC4Y",9146
"EC3A","EC1A_EC2A_EC2M_EC2N_EC2P_EC2R_EC2V_EC2Y_EC3A_EC3M_EC3R_EC3V_EC4A_EC4M_EC4N_EC4R_EC4V_EC4Y",9146
"EC3M","EC1A_EC2A_EC2M_EC2N_EC2P_EC2R_EC2V_EC2Y_EC3A_EC3M_EC3R_EC3V_EC4A_EC4M_EC4N_EC4R_EC4V_EC4Y",9146
"EC3N","E1W_E98_EC3N",17027
"EC3R","EC1A_EC2A_EC2M_EC2N_EC2P_EC2R_EC2V_EC2Y_EC3A_EC3M_EC3R_EC3V_EC4A_EC4M_EC4N_EC4R_EC4V_EC4Y",9146
"EC3V","EC1A_EC2A_EC2M_EC2N_EC2P_EC2R_EC2V_EC2Y_EC3A_EC3M_EC3R_EC3V_EC4A_EC4M_EC4N_EC4R_EC4V_EC4Y",9146
"EC4A","EC1A_EC2A_EC2M_EC2N_EC2P_EC2R_EC2V_EC2Y_EC3A_EC3M_EC3R_EC3V_EC4A_EC4M_EC4N_EC4R_EC4V_EC4Y",9146
"EC4M","EC1A_EC2A_EC2M_EC2N_EC2P_EC2R_EC2V_EC2Y_EC3A_EC3M_EC3R_EC3V_EC4A_EC4M_EC4N_EC4R_EC4V_EC4Y",9146
"EC4N","EC1A_EC2A_EC2M_EC2N_EC2P_EC2R_EC2V_EC2Y_EC3A_EC3M_EC3R_EC3V_EC4A_EC4M_EC4N_EC4R_EC4V_EC4Y",9146
"EC4R","EC1A_EC2A_EC2M_EC2N_EC2P_EC2R_EC2V_EC2Y_EC3A_EC3M_EC3R_EC3V_EC4A_EC4M_EC4N_EC4R_EC4V_EC4Y",9146
"EC4V","EC1A_EC2A_EC2M_EC2N_EC2P_EC2R_EC2V_EC2Y_EC3A_EC3M_EC3R_EC3V_EC4A_EC4M_EC4N_EC4R_EC4V_EC4Y",9146
"EC4Y","EC1A_EC2A_EC2M_EC2N_EC2P_EC2R_EC2V_EC2Y_EC3A_EC3M_EC3R_EC3V_EC4A_EC4M_EC4N_EC4R_EC4V_EC4Y",9146
"EH1","EH1_EH2",8023
"EH2","EH1_EH2",8023
"EH3","EH3",26089
"EH4","EH4",57676
"EH5","EH5",21955
"EH6","EH6",42813
"EH7","EH7",37405
"EH8","EH8_EH99",28253
"EH9","EH9",23735
"EH10","EH10",35175
"EH11","EH11",43112
"EH12","EH12",41376
"EH13","EH13",15479
"EH14","EH14",43458
"EH15","EH15",21755
"EH16","EH16",32199
"EH17","EH17",19507
"EH18","EH18_EH24_EH25",7702
"EH19","EH19",15947
"EH20","EH20",6530
"EH21","EH21",27390
"EH22","EH22",32604
"EH23","EH23_EH37",11202
"EH24","EH18_EH24_EH25",7702
"EH25","EH18_EH24_EH25",7702
"EH26","EH26",17378
"EH27","EH27_EH55",11688
"EH28","EH28_EH29",8765
"EH29","EH28_EH29",8765
"EH30","EH30",10704
"EH31","EH31_EH39_EH40",14575
"EH32","EH32",20207
"EH33","EH33",14299
"EH34","EH34_EH35_EH36",5060
"EH35","EH34_EH35_EH36",5060
"EH36","EH34_EH35_EH36",5060
"EH37","EH23_EH37",11202
"EH38","EH38_EH43_EH44_TD10_TD2_TD3_TD4",11814
"EH39","EH31_EH39_EH40",14575
"EH40","EH31_EH39_EH40",14575
"EH41","EH41",12604
"EH42","EH42",12255
"EH43","EH38_EH43_EH44_TD10_TD2_TD3_TD4",11814
"EH44","EH38_EH43_EH44_TD10_TD2_TD3_TD4",11814
"EH45","EH45_EH46",15111
"EH46","EH45_EH46",15111
"EH47","EH47",27642
"EH48","EH48",40248
"EH49","EH49",16511
"EH51","EH51",14957
"EH52","EH52",20849
"EH53","EH53",10801
"EH54","EH54",55341
"EH55","EH27_EH55",11688
"EH99","EH8_EH99",28253
"EN1","EN1",47821
"EN2","EN2",30768
"EN3","EN3",61400
"EN4","EN4",27367
"EN5","EN5",39928
"EN6","EN6",30284
"EN7","EN7",21668
"EN8","EN8",37952
"EN9","EN9",24478
"EN10","EN10",18212
"EN11","EN11",22102
"EX1","EX1",24636
"EX2","EX2",45305
"EX3","EX3",5284
"EX4","EX4",61285
"EX5","EX5",23934
"EX6","EX6",14750
"EX7","EX7",14256
"EX8","EX8",38243
"EX9","EX9",7032
"EX10","EX10",17669
"EX11","EX11",8671
"EX12","EX12_EX24",13546
"EX13","EX13",12792
"EX14","EX14",21621
"EX15","EX15",22914
"EX16","EX16",33446
"EX17","EX17_EX18",23437
"EX18","EX17_EX18",23437
"EX19","EX19_EX38",12423
"EX20","EX20",21998
"EX21","EX21_EX22",16163
"EX22","EX21_EX22",16163
"EX23","EX23",16617
"EX24","EX12_EX24",13546
"EX31","EX31_EX35",28132
"EX32","EX32",24057
"EX33","EX33",10668
"EX34","EX34",16968
"EX35","EX31_EX35",28132
"EX36","EX36_EX37",12760
"EX37","EX36_EX37",12760
"EX38","EX19_EX38",12423
"EX39","EX39",39659
"FK1","FK1",28874
"FK2","FK2",50941
"FK3","FK3",16271
"FK4","FK4",13657
"FK5","FK5",20737
"FK6","FK6",13674
"FK7","FK7",31484
"FK8","FK8",19870
"FK9","FK9",14432
"FK10","FK10",37077
"FK11","FK11_FK12",7699
"FK12","FK11_FK12",7699
"FK13","FK13",5986
"FK14","FK14_PH4_PH5_PH6",8756
"FK15","FK15",11408
"FK16","FK16_FK17_FK18_FK19_FK20_FK21",8382
"FK17","FK16_FK17_FK18_FK19_FK20_FK21",8382
"FK18","FK16_FK17_FK18_FK19_FK20_FK21",8382
"FK19","FK16_FK17_FK18_FK19_FK20_FK21",8382
"FK20","FK16_FK17_FK18_FK19_FK20_FK21",8382
"FK21","FK16_FK17_FK18_FK19_FK20_FK21",8382
"FY1","FY1",33114
"FY2","FY2",24013
"FY3","FY3",31699
"FY4","FY4",43568
"FY5","FY5",45522
"FY6","FY6",28632
"FY7","FY7",26161
"FY8","FY8",45475
"G1","G1_G2",13194
"G2","G1_G2",13194
"G3","G3",23136
"G4","G4",14472
"G5","G5",12804
"G11","G11",23679
"G12","G12",25574
"G13","G13",33312
"G14","G14",19348
"G15","G15",16668
"G20","G20",33132
"G21","G21",27484
"G22","G22",17965
"G23","G23",7354
"G31","G31",26878
"G32","G32",37827
"G33","G33",43717
"G34","G34",8004
"G40","G40",13907
"G41","G41",31848
"G42","G42",29657
"G43","G43",17150
"G44","G44",28162
"G45","G45",14554
"G46","G46",26396
"G51","G51",24953
"G52","G52",29171
"G53","G53",32885
"G60","G60",5204
"G61","G61",28571
"G62","G62",13425
"G63","G63",9803
"G64","G64",26997
"G65","G65",13656
"G66","G66",39574
"G67","G67",33274
"G68","G68",19349
"G69","G69",34502
"G71","G71",30293
"G72","G72",50048
"G73","G73",30798
"G74","G74_G79",37065
"G75","G75",39531
"G76","G76",23243
"G77","G77",27318
"G78","G78",24103
"G79","G74_G79",37065
"G81","G81",37671
"G82","G82",26104
"G83","G83",23798
"G84","G84",22220
"GL1","GL1",37076
"GL2","GL2",58884
"GL3","GL3",34125
"GL4","GL4",48360
"GL5","GL5",32072
"GL6","GL6",24833
"GL7","GL7",45845
"GL8","GL8",8825
"GL9","GL12_GL9",17736
"GL10","GL10",14665
"GL11","GL11",19349
"GL12","GL12_GL9",17736
"GL13","GL13",6079
"GL14","GL14",16072
"GL15","GL15",21626
"GL16","GL16",14176
"GL17","GL17",11893
"GL18","GL18",8720
"GL19","GL19",9687
"GL20","GL20",30168
"GL50","GL50",23334
"GL51","GL51",51315
"GL52","GL52",46609
"GL53","GL53",20813
"GL54","GL54",24449
"GL55","GL55",5547
"GL56","GL56",9559
"GU1","GU1",33028
"GU2","GU2",38587
"GU3","GU3",11627
"GU4","GU4",16446
"GU5","GU5",10933
"GU6","GU6",15277
"GU7","GU7",23821
"GU8","GU8",17792
"GU9","GU9",31121
"GU10","GU10",23292
"GU11","GU11",24153
"GU12","GU12",31709
"GU14","GU14",56238
"GU15","GU15",36172
"GU16","GU16",24347
"GU17","GU17",10916
"GU18","GU18",6800
"GU19","GU19_GU20",10473
"GU20","GU19_GU20",10473
"GU21","GU21",50011
"GU22","GU22",35414
"GU23","GU23",7159
"GU24","GU24",17811
"GU25","GU25",6047
"GU26","GU26",7905
"GU27","GU27",18183
"GU28","GU28",6725
"GU29","GU29",9867
"GU30","GU30",9943
"GU31","GU31",11521
"GU32","GU32",12202
"GU33","GU33",8666
"GU34","GU34",32614
"GU35","GU35",22037
"GU46","GU46",14509
"GU47","GU47",19256
"GU51","GU51",24957
"GU52","GU52",18315
"HA0","HA0",53098
"HA1","HA1",40422
"HA2","HA2",58113
"HA3","HA3",73953
"HA4","HA4",52308
"HA5","HA5",45647
"HA6","HA6",23242
"HA7","HA7",38769
"HA8","HA8",71120
"HA9","HA9",52867
"HD1","HD1",27508
"HD2","HD2",29718
"HD3","HD3",30783
"HD4","HD4",31369
"HD5","HD5",32122
"HD6","HD6",26935
"HD7","HD7",22691
"HD8","HD8",34055
"HD9","HD9",35941
"HG1","HG1",35184
"HG2","HG2",32828
"HG3","HG3",27700
"HG4","HG4",25728
"HG5","HG5",18599
"HP1","HP1",26172
"HP2","HP2",41588
"HP3","HP3",34846
"HP4","HP4",24907
"HP5","HP5",26742
"HP6","HP6",15195
"HP7","HP7",11156
"HP8","HP8",6885
"HP9","HP9",18103
"HP10","HP10",19018
"HP11","HP11",15347
"HP12","HP12",23386
"HP13","HP13",44781
"HP14","HP14",17306
"HP15","HP15",17085
"HP16","HP16",11514
"HP17","HP17",10122
"HP18","HP18",20104
"HP19","HP19",28477
"HP20","HP20",17116
"HP21","HP21",36669
"HP22","HP22",27055
"HP23","HP23",17932
"HP27","HP27",12300
"HR1","HR1",33879
"HR2","HR2",40813
"HR3","HR3_HR5",12526
"HR4","HR4",31468
"HR5","HR3_HR5",12526
"HR6","HR6",21358
"HR7","HR7",7340
"HR8","HR8",15020
"HR9","HR9",21883
"HS1","HS1",5067
"HS2","HS2_HS3_HS4_HS5",15842
"HS3","HS2_HS3_HS4_HS5",15842
"HS4","HS2_HS3_HS4_HS5",15842
"HS5","HS2_HS3_HS4_HS5",15842
"HS6","HS6_HS7_HS8_HS9",5922
"HS7","HS6_HS7_HS8_HS9",5922
"HS8","HS6_HS7_HS8_HS9",5922
"HS9","HS6_HS7_HS8_HS9",5922
"HU1","HU1_HU2",8142
"HU2","HU1_HU2",8142
"HU3","HU3",29518
"HU4","HU4",23054
"HU5","HU5",50136
"HU6","HU6",34248
"HU7","HU7",45374
"HU8","HU8",33713
"HU9","HU9",42019
"HU10","HU10",19554
"HU11","HU11",12271
"HU12","HU12",25530
"HU13","HU13",15195
"HU14","HU14",8363
"HU15","HU15",25169
"HU16","HU16",16136
"HU17","HU17",43547
"HU18","HU18",9058
"HU19","HU19",7363
"HU20","HU20_YO43",14020
"HX1","HX1",26552
"HX2","HX2",37514
"HX3","HX3",46550
"HX4","HX4",12095
"HX5","HX5",10892
"HX6","HX6",19295
"HX7","HX7",13326
"IG1","IG1",70866
"IG2","IG2",31062
"IG3","IG3",38767
"IG4","IG4",10415
"IG5","IG5",17422
"IG6","IG6",29895
"IG7","IG7",21919
"IG8","IG8",37604
"IG9","IG9",13253
"IG10","IG10",33447
"IG11","IG11",64288
"IP1","IP1",40372
"IP2","IP2",32321
"IP3","IP3",34904
"IP4","IP4",37639
"IP5","IP10_IP5",24101
"IP6","IP6",17484
"IP7","IP7",17140
"IP8","IP8",11292
"IP9","IP9",11471
"IP10","IP10_IP5",24101
"IP11","IP11",30497
"IP12","IP12",25746
"IP13","IP13",18840
"IP14","IP14",42101
"IP15","IP15_IP16",9228
"IP16","IP15_IP16",9228
"IP17","IP17",11995
"IP18","IP18_IP19",14302
"IP19","IP18_IP19",14302
"IP20","IP20",8540
"IP21","IP21",11429
"IP22","IP22_IP98",23072
"IP23","IP23",7563
"IP24","IP24",30365
"IP25","IP25",19796
"IP26","IP26",9240
"IP27","IP27",19971
"IP28","IP28",28449
"IP29","IP29",9269
"IP30","IP30",14420
"IP31","IP31",21293
"IP32","IP32",17821
"IP33","IP33",25004
"IP98","IP22_IP98",23072
"IV1","IV1_IV10_IV11_IV8_IV9",8626
"IV2","IV2",50928
"IV3","IV3",19762
"IV4","IV21_IV22_IV4_IV52_IV53_IV54",9194
"IV5","IV5_IV6",5900
"IV6","IV5_IV6",5900
"IV7","IV7",6052
"IV8","IV1_IV10_IV11_IV8_IV9",8626
"IV9","IV1_IV10_IV11_IV8_IV9",8626
"IV10","IV1_IV10_IV11_IV8_IV9",8626
"IV11","IV1_IV10_IV11_IV8_IV9",8626
"IV12","IV12",13151
"IV13","IV13_PH20_PH22_PH23_PH24_PH25_PH26",12298
"IV14","IV14_IV16_IV23_IV24",6224
"IV15","IV15",5819
"IV16","IV14_IV16_IV23_IV24",6224
"IV17","IV17",6557
"IV18","IV18",6037
"IV19","IV19_IV20",7750
"IV20","IV19_IV20",7750
"IV21","IV21_IV22_IV4_IV52_IV53_IV54",9194
"IV22","IV21_IV22_IV4_IV52_IV53_IV54",9194
"IV23","IV14_IV16_IV23_IV24",6224
"IV24","IV14_IV16_IV23_IV24",6224
"IV25","IV25_IV28_KW10_KW11_KW12_KW13_KW2_KW3_KW5_KW6_KW7_KW8_KW9",10833
"IV26","IV26_IV27",5443
"IV27","IV26_IV27",5443
"IV28","IV25_IV28_KW10_KW11_KW12_KW13_KW2_KW3_KW5_KW6_KW7_KW8_KW9",10833
"IV30","IV30",35219
"IV31","IV31",8086
"IV32","AB37_AB38_IV32",10778
"IV36","IV36",16445
"IV40","IV40_IV63_PH31_PH32_PH35",6670
"IV41","IV41_IV42_IV43_IV44_IV45_IV46_IV47_IV48_IV49_IV55_IV56_PH42_PH43_PH44",5091
"IV42","IV41_IV42_IV43_IV44_IV45_IV46_IV47_IV48_IV49_IV55_IV56_PH42_PH43_PH44",5091
"IV43","IV41_IV42_IV43_IV44_IV45_IV46_IV47_IV48_IV49_IV55_IV56_PH42_PH43_PH44",5091
"IV44","IV41_IV42_IV43_IV44_IV45_IV46_IV47_IV48_IV49_IV55_IV56_PH42_PH43_PH44",5091
"IV45","IV41_IV42_IV43_IV44_IV45_IV46_IV47_IV48_IV49_IV55_IV56_PH42_PH43_PH44",5091
"IV46","IV41_IV42_IV43_IV44_IV45_IV46_IV47_IV48_IV49_IV55_IV56_PH42_PH43_PH44",5091
"IV47","IV41_IV42_IV43_IV44_IV45_IV46_IV47_IV48_IV49_IV55_IV56_PH42_PH43_PH44",5091
"IV48","IV41_IV42_IV43_IV44_IV45_IV46_IV47_IV48_IV49_IV55_IV56_PH42_PH43_PH44",5091
"IV49","IV41_IV42_IV43_IV44_IV45_IV46_IV47_IV48_IV49_IV55_IV56_PH42_PH43_PH44",5091
"IV51","IV51",5289
"IV52","IV21_IV22_IV4_IV52_IV53_IV54",9194
"IV53","IV21_IV22_IV4_IV52_IV53_IV54",9194
"IV54","IV21_IV22_IV4_IV52_IV53_IV54",9194
"IV55","IV41_IV42_IV43_IV44_IV45_IV46_IV47_IV48_IV49_IV55_IV56_PH42_PH43_PH44",5091
"IV56","IV41_IV42_IV43_IV44_IV45_IV46_IV47_IV48_IV49_IV55_IV56_PH42_PH43_PH44",5091
"IV63","IV40_IV63_PH31_PH32_PH35",6670
"KA1","KA1",28991
"KA2","KA2",6997
"KA3","KA3",39580
"KA4","KA4",5366
"KA5","KA5",9768
"KA6","KA6",19138
"KA7","KA7",28101
"KA8","KA8",19142
"KA9","KA9",16161
"KA10","KA10",16059
"KA11","KA11",20649
"KA12","KA12",18617
"KA13","KA13",16912
"KA14","KA14_KA24",6327
"KA15","KA15",6962
"KA16","KA16_KA17",7179
"KA17","KA16_KA17",7179
"KA18","KA18",20421
"KA19","KA19",7350
"KA20","KA20",9350
"KA21","KA21",12385
"KA22","KA22",10765
"KA23","KA23_KA28_KA29",7930
"KA24","KA14_KA24",6327
"KA25","KA25",7027
"KA26","KA26",10468
"KA27","KA27_PA28",11519
"KA28","KA23_KA28_KA29",7930
"KA29","KA23_KA28_KA29",7930
"KA30","KA30_PA17",13422
"KT1","KT1",25388
"KT2","KT2",37192
"KT3","KT3",40104
"KT4","KT4",30320
"KT5","KT5",22171
"KT6","KT6",33567
"KT7","KT7",10793
"KT8","KT8",19840
"KT9","KT9",21741
"KT10","KT10",22272
"KT11","KT11",16421
"KT12","KT12",38146
"KT13","KT13",22202
"KT14","KT14",13201
"KT15","KT15",29612
"KT16","KT16",19731
"KT17","KT17",25174
"KT18","KT18",18069
"KT19","KT19",37355
"KT20","KT20",20827
"KT21","KT21",14036
"KT22","KT22",24942
"KT23","KT23",10923
"KT24","KT24",9440
"KW1","KW1",10654
"KW2","IV25_IV28_KW10_KW11_KW12_KW13_KW2_KW3_KW5_KW6_KW7_KW8_KW9",10833
"KW3","IV25_IV28_KW10_KW11_KW12_KW13_KW2_KW3_KW5_KW6_KW7_KW8_KW9",10833
"KW5","IV25_IV28_KW10_KW11_KW12_KW13_KW2_KW3_KW5_KW6_KW7_KW8_KW9",10833
"KW6","IV25_IV28_KW10_KW11_KW12_KW13_KW2_KW3_KW5_KW6_KW7_KW8_KW9",10833
"KW7","IV25_IV28_KW10_KW11_KW12_KW13_KW2_KW3_KW5_KW6_KW7_KW8_KW9",10833
"KW8","IV25_IV28_KW10_KW11_KW12_KW13_KW2_KW3_KW5_KW6_KW7_KW8_KW9",10833
"KW9","IV25_IV28_KW10_KW11_KW12_KW13_KW2_KW3_KW5_KW6_KW7_KW8_KW9",10833
"KW10","IV25_IV28_KW10_KW11_KW12_KW13_KW2_KW3_KW5_KW6_KW7_KW8_KW9",10833
"KW11","IV25_IV28_KW10_KW11_KW12_KW13_KW2_KW3_KW5_KW6_KW7_KW8_KW9",10833
"KW12","IV25_IV28_KW10_KW11_KW12_KW13_KW2_KW3_KW5_KW6_KW7_KW8_KW9",10833
"KW13","IV25_IV28_KW10_KW11_KW12_KW13_KW2_KW3_KW5_KW6_KW7_KW8_KW9",10833
"KW14","KW14",12128
"KW15","KW15_KW16",12586
"KW16","KW15_KW16",12586
"KW17","KW17",9603
"KY1","KY1",25906
"KY2","KY2",30764
"KY3","KY3",11569
"KY4","KY4",22237
"KY5","KY5",20386
"KY6","KY6",18494
"KY7","KY7",27176
"KY8","KY8",34118
"KY9","KY10_KY9",11014
"KY10","KY10_KY9",11014
"KY11","KY11",64174
"KY12","KY12",39289
"KY13","KY13",11594
"KY14","KY14",6772
"KY15","KY15",21627
"KY16","KY16",26789
"L1","L1_L2_L75",16964
"L2","L1_L2_L75",16964
"L3","L3_L74",23378
"L4","L4",40180
"L5","L5",13795
"L6","L6",26032
"L7","L69_L7",23184
"L8","L8",36673
"L9","L67_L9",31936
"L10","L10",15070
"L11","L11",28090
"L12","L12",30256
"L13","L13",30509
"L14","L14",26347
"L15","L15",30897
"L16","L16",14562
"L17","L17",23970
"L18","L18",26757
"L19","L19",25110
"L20","L20",32761
"L21","L21",25446
"L22","L22",13575
"L23","L23",30578
"L24","L24_L70",16678
"L25","L25",33036
"L26","L26",15351
"L27","L27",6456
"L28","L28",6757
"L29","L29_L30_L38",22620
"L30","L29_L30_L38",22620
"L31","L31",29192
"L32","L32",20510
"L33","L33",17911
"L34","L34",12732
"L35","L35",30582
"L36","L36",40823
"L37","L37",23472
"L38","L29_L30_L38",22620
"L39","L39",29189
"L40","L40",19562
"L67","L67_L9",31936
"L69","L69_L7",23184
"L70","L24_L70",16678
"L74","L3_L74",23378
"L75","L1_L2_L75",16964
"LA1","LA1",55188
"LA2","LA2",23909
"LA3","LA3",25529
"LA4","LA4",26640
"LA5","LA5",16243
"LA6","LA6",13004
"LA7","LA7",5030
"LA8","LA10_LA8",12565
"LA9","LA9",31840
"LA10","LA10_LA8",12565
"LA11","LA11",9982
"LA12","LA12",20040
"LA13","LA13",18671
"LA14","LA14",37174
"LA15","LA15_LA16",10710
"LA16","LA15_LA16",10710
"LA17","LA17_LA20_LA21_LA22",8488
"LA18","LA18",8315
"LA19","CA18_CA19_CA20_CA21_LA19",6524
"LA20","LA17_LA20_LA21_LA22",8488
"LA21","LA17_LA20_LA21_LA22",8488
"LA22","LA17_LA20_LA21_LA22",8488
"LA23","LA23",8811
"LD1","LD1",11436
"LD2","LD2",5514
"LD3","LD3",19554
"LD4","LD4_LD5_LD6_SY18",9261
"LD5","LD4_LD5_LD6_SY18",9261
"LD6","LD4_LD5_LD6_SY18",9261
"LD7","LD7_LD8",8978
"LD8","LD7_LD8",8978
"LE1","LE1_LE87",20136
"LE2","LE2",123748
"LE3","LE3",108920
"LE4","LE4",101937
"LE5","LE5",92031
"LE6","LE6",12321
"LE7","LE7",48386
"LE8","LE8",39294
"LE9","LE9",58242
"LE10","LE10",52059
"LE11","LE11",66963
"LE12","LE12",67286
"LE13","LE13",27550
"LE14","LE14",17478
"LE15","LE15",34582
"LE16","LE16",37427
"LE17","LE17",22288
"LE18","LE18",32790
"LE19","LE19",15631
"LE65","LE65",16088
"LE67","LE67",63166
"LE87","LE1_LE87",20136
"LL11","LL11",39027
"LL12","LL12",28027
"LL13","LL13",35890
"LL14","LL14",33782
"LL15","LL15",10731
"LL16","LL16",15909
"LL17","LL17",5541
"LL18","LL18",41633
"LL19","LL19",19756
"LL20","LL20",8046
"LL21","LL21",6508
"LL22","LL22",18121
"LL23","LL23_LL37_LL38_LL39_LL40_LL42",12591
"LL24","LL24_LL25_LL26_LL27",7678
"LL25","LL24_LL25_LL26_LL27",7678
"LL26","LL24_LL25_LL26_LL27",7678
"LL27","LL24_LL25_LL26_LL27",7678
"LL28","LL28",14068
"LL29","LL29",19429
"LL30","LL30",22078
"LL31","LL31",11304
"LL32","LL32_LL34",11578
"LL33","LL33_LL57",32454
"LL34","LL32_LL34",11578
"LL35","LL35_LL36",5499
"LL36","LL35_LL36",5499
"LL37","LL23_LL37_LL38_LL39_LL40_LL42",12591
"LL38","LL23_LL37_LL38_LL39_LL40_LL42",12591
"LL39","LL23_LL37_LL38_LL39_LL40_LL42",12591
"LL40","LL23_LL37_LL38_LL39_LL40_LL42",12591
"LL41","LL41_LL43_LL44_LL45_LL46_LL47",10895
"LL42","LL23_LL37_LL38_LL39_LL40_LL42",12591
"LL43","LL41_LL43_LL44_LL45_LL46_LL47",10895
"LL44","LL41_LL43_LL44_LL45_LL46_LL47",10895
"LL45","LL41_LL43_LL44_LL45_LL46_LL47",10895
"LL46","LL41_LL43_LL44_LL45_LL46_LL47",10895
"LL47","LL41_LL43_LL44_LL45_LL46_LL47",10895
"LL48","LL48_LL49_LL51_LL52",10656
"LL49","LL48_LL49_LL51_LL52",10656
"LL51","LL48_LL49_LL51_LL52",10656
"LL52","LL48_LL49_LL51_LL52",10656
"LL53","LL53_LL56",19975
"LL54","LL54",11688
"LL55","LL55",22394
"LL56","LL53_LL56",19975
"LL57","LL33_LL57",32454
"LL58","LL58_LL59",9230
"LL59","LL58_LL59",9230
"LL60","LL60_LL62_LL63_LL64",6906
"LL61","LL61",6211
"LL62","LL60_LL62_LL63_LL64",6906
"LL63","LL60_LL62_LL63_LL64",6906
"LL64","LL60_LL62_LL63_LL64",6906
"LL65","LL65",24021
"LL66","LL66_LL67_LL68_LL71",9629
"LL67","LL66_LL67_LL68_LL71",9629
"LL68","LL66_LL67_LL68_LL71",9629
"LL69","LL69_LL70_LL72_LL73_LL74_LL75_LL76_LL78",6615
"LL70","LL69_LL70_LL72_LL73_LL74_LL75_LL76_LL78",6615
"LL71","LL66_LL67_LL68_LL71",9629
"LL72","LL69_LL70_LL72_LL73_LL74_LL75_LL76_LL78",6615
"LL73","LL69_LL70_LL72_LL73_LL74_LL75_LL76_LL78",6615
"LL74","LL69_LL70_LL72_LL73_LL74_LL75_LL76_LL78",6615
"LL75","LL69_LL70_LL72_LL73_LL74_LL75_LL76_LL78",6615
"LL76","LL69_LL70_LL72_LL73_LL74_LL75_LL76_LL78",6615
"LL77","LL77",7346
"LL78","LL69_LL70_LL72_LL73_LL74_LL75_LL76_LL78",6615
"LN1","LN1",30749
"LN2","LN2",39653
"LN3","LN3",9788
"LN4","LN4",40770
"LN5","LN5",35948
"LN6","LN6",62230
"LN7","DN38_LN7",9224
"LN8","LN8",18138
"LN9","LN9",10066
"LN10","LN10",5933
"LN11","LN11",28990
"LN12","LN12",13342
"LN13","LN13",8160
"LS1","LS1",7351
"LS2","LS2",12156
"LS3","LS3",6646
"LS4","LS4",9403
"LS5","LS5",8264
"LS6","LS6",51489
"LS7","LS7",31456
"LS8","LS8",51526
"LS9","LS9",42800
"LS10","LS10",39169
"LS11","LS11_LS98",39005
"LS12","LS12",42187
"LS13","LS13",35463
"LS14","LS14",36234
"LS15","LS15",34500
"LS16","LS16",35893
"LS17","LS17",43091
"LS18","LS18",20028
"LS19","LS19",19302
"LS20","LS20",12578
"LS21","LS21",17766
"LS22","LS22",15683
"LS23","LS23",9244
"LS24","LS24",12383
"LS25","LS25",40817
"LS26","LS26",30685
"LS27","LS27",35893
"LS28","LS28",39698
"LS29","LS29",32202
"LS98","LS11_LS98",39005
"LU1","LU1",49350
"LU2","LU2",59207
"LU3","LU3",62734
"LU4","LU4",52963
"LU5","LU5",41469
"LU6","LU6",33968
"LU7","LU7",59879
"M1","M1",19493
"M2","M2_M4_M60_M99",17359
"M3","M3",16588
"M4","M2_M4_M60_M99",17359
"M5","M5",17546
"M6","M6",34413
"M7","M7",32307
"M8","M8",33406
"M9","M9",42982
"M11","M11",22656
"M12","M12",18146
"M13","M13",26352
"M14","M14",57319
"M15","M15",28445
"M16","M16",36713
"M17","M17_M32",29056
"M18","M18",25935
"M19","M19",36576
"M20","M20",49008
"M21","M21",28910
"M22","M22_M90",43166
"M23","M23",30997
"M24","M24",49205
"M25","M25",31982
"M26","M26",36571
"M27","M27",42573
"M28","M28",40481
"M29","M29",23515
"M30","M30",38472
"M31","M31",8629
"M32","M17_M32",29056
"M33","M33",63077
"M34","M34",46336
"M35","M35",20548
"M38","M38",15059
"M40","M40",43389
"M41","M41",41900
"M43","M43",23270
"M44","M44",20132
"M45","M45",22967
"M46","M46",23185
"M50","M50",5836
"M60","M2_M4_M60_M99",17359
"M90","M22_M90",43166
"M99","M2_M4_M60_M99",17359
"ME1","ME1",32220
"ME2","ME2",42446
"ME3","ME3",28358
"ME4","ME4",33859
"ME5","ME5",52608
"ME6","ME6",11753
"ME7","ME7",54582
"ME8","ME8",49811
"ME9","ME11_ME9",25533
"ME10","ME10",52447
"ME11","ME11_ME9",25533
"ME12","ME12",41636
"ME13","ME13",29254
"ME14","ME14",33150
"ME15","ME15",53343
"ME16","ME16",33358
"ME17","ME17",24962
"ME18","ME18",7044
"ME19","ME19",24911
"ME20","ME20",21489
"MK1","MK1_MK7",15344
"MK2","MK2",15346
"MK3","MK3",26105
"MK4","MK4",23415
"MK5","MK5",16184
"MK6","MK6",29045
"MK7","MK1_MK7",15344
"MK8","MK8",12913
"MK9","MK15_MK9",11877
"MK10","MK10",20628
"MK11","MK11",8379
"MK12","MK12",14225
"MK13","MK13",18686
"MK14","MK14",20432
"MK15","MK15_MK9",11877
"MK16","MK16",18052
"MK17","MK17",18385
"MK18","MK18",34397
"MK19","MK19",11855
"MK40","MK40",36213
"MK41","MK41",42792
"MK42","MK42",51508
"MK43","MK43",36786
"MK44","MK44",15819
"MK45","MK45",46698
"MK46","MK46",8745
"ML1","ML1",56915
"ML2","ML2",40432
"ML3","ML3",52482
"ML4","ML4",22043
"ML5","ML5",47281
"ML6","ML6",55496
"ML7","ML7",15015
"ML8","ML8",19274
"ML9","ML9",23160
"ML10","ML10",10799
"ML11","ML11",34486
"ML12","ML12",8575
"N1","N1",104965
"N1C","N1C_NW1",72264
"N2","N2",25454
"N3","N3",28787
"N4","N4",53608
"N5","N5",28145
"N6","N6",19277
"N7","N7",56969
"N8","N8",40643
"N9","N9",55662
"N10","N10",27735
"N11","N11",32241
"N12","N12",32041
"N13","N13",33888
"N14","N14",31506
"N15","N15",49603
"N16","N16",73115
"N17","N17",69164
"N18","N18",35452
"N19","N19",36677
"N20","N20",20177
"N21","N21",24532
"N22","N22",46593
"NE1","NE1",17692
"NE2","NE2",33279
"NE3","NE3",52779
"NE4","NE4",43473
"NE5","NE5",48585
"NE6","NE6",51166
"NE7","NE7_NE88",14872
"NE8","NE8",36892
"NE9","NE9",37337
"NE10","NE10",35361
"NE11","NE11",16458
"NE12","NE12",35795
"NE13","NE13",16188
"NE15","NE15",32881
"NE16","NE16",25038
"NE17","NE17_NE39",13307
"NE18","NE18_NE43_NE44_NE45",10564
"NE19","NE19_NE48_NE49",10826
"NE20","NE20",12182
"NE21","NE21",17672
"NE22","NE22",18105
"NE23","NE23",38706
"NE24","NE24",39886
"NE25","NE25",30697
"NE26","NE26",19341
"NE27","NE27",14202
"NE28","NE28",45895
"NE29","NE29",36236
"NE30","NE30",21900
"NE31","NE31",21158
"NE32","NE32",24937
"NE33","NE33",28080
"NE34","NE34",52915
"NE35","NE35",6339
"NE36","NE36",6962
"NE37","NE37",20389
"NE38","NE38_NE85",31231
"NE39","NE17_NE39",13307
"NE40","NE40",15340
"NE41","NE41_NE42",14907
"NE42","NE41_NE42",14907
"NE43","NE18_NE43_NE44_NE45",10564
"NE44","NE18_NE43_NE44_NE45",10564
"NE45","NE18_NE43_NE44_NE45",10564
"NE46","NE46",15537
"NE47","NE47",7755
"NE48","NE19_NE48_NE49",10826
"NE49","NE19_NE48_NE49",10826
"NE61","NE61",33111
"NE62","NE62",9218
"NE63","NE63",28171
"NE64","NE64",6071
"NE65","NE65",20528
"NE66","NE66",17445
"NE67","NE67_NE68_NE69_NE70",5049
"NE68","NE67_NE68_NE69_NE70",5049
"NE69","NE67_NE68_NE69_NE70",5049
"NE70","NE67_NE68_NE69_NE70",5049
"NE71","NE71_TD12",7205
"NE85","NE38_NE85",31231
"NE88","NE7_NE88",14872
"NG1","NG1",21728
"NG2","NG2",62248
"NG3","NG3",52213
"NG4","NG4",41527
"NG5","NG5",89955
"NG6","NG6",39047
"NG7","NG7_NG90",60413
"NG8","NG8",68528
"NG9","NG9",77657
"NG10","NG10",48676
"NG11","NG11_NG80",39262
"NG12","NG12",34273
"NG13","NG13",23384
"NG14","NG14",19831
"NG15","NG15",44151
"NG16","NG16",64745
"NG17","NG17",77324
"NG18","NG18",44507
"NG19","NG19",52931
"NG20","NG20",28018
"NG21","NG21",23463
"NG22","NG22",27578
"NG23","NG23",17720
"NG24","NG24",48862
"NG25","NG25",9021
"NG31","NG31",46937
"NG32","NG32",13312
"NG33","NG33",9962
"NG34","NG34",43031
"NG80","NG11_NG80",39262
"NG90","NG7_NG90",60413
"NN1","NN1",33433
"NN2","NN2",38725
"NN3","NN3",72932
"NN4","NN4",49899
"NN5","NN5",42149
"NN6","NN6",35554
"NN7","NN7",28647
"NN8","NN8",52594
"NN9","NN9",27920
"NN10","NN10",42052
"NN11","NN11",39795
"NN12","NN12",24957
"NN13","NN13",20205
"NN14","NN14",44941
"NN15","NN15",39166
"NN16","NN16",31387
"NN17","NN17",30395
"NN18","NN18",38704
"NN29","NN29",11755
"NP4","NP4",46220
"NP7","NP7",27151
"NP8","NP8",5444
"NP10","NP10",24798
"NP11","NP11",38076
"NP12","NP12",34178
"NP13","NP13",19755
"NP15","NP15",8447
"NP16","NP16",24310
"NP18","NP18",16118
"NP19","NP19",56194
"NP20","NP20",53379
"NP22","NP22",22210
"NP23","NP23",33416
"NP24","CF81_NP24",21437
"NP25","NP25",16155
"NP26","NP26",23366
"NP44","NP44",48061
"NR1","NR1",27035
"NR2","NR2",27419
"NR3","NR3",34035
"NR4","NR4",25633
"NR5","NR5",31494
"NR6","NR6",24819
"NR7","NR7",32929
"NR8","NR8",22704
"NR9","NR9",18477
"NR10","NR10",23988
"NR11","NR11",18733
"NR12","NR12",22187
"NR13","NR13",27883
"NR14","NR14",25964
"NR15","NR15",16086
"NR16","NR16",12620
"NR17","NR17",16971
"NR18","NR18",19724
"NR19","NR19",21015
"NR20","NR20",19799
"NR21","NR21",16113
"NR22","NR22_NR23_NR24_NR25",17600
"NR23","NR22_NR23_NR24_NR25",17600
"NR24","NR22_NR23_NR24_NR25",17600
"NR25","NR22_NR23_NR24_NR25",17600
"NR26","NR26",8670
"NR27","NR27",11906
"NR28","NR28",17514
"NR29","NR29",20070
"NR30","NR30",32313
"NR31","NR31",50519
"NR32","NR32",40277
"NR33","NR33",40411
"NR34","NR34",22787
"NR35","NR35",11211
"NW1","N1C_NW1",72264
"NW2","NW2",72519
"NW3","NW3",63619
"NW4","NW4",34343
"NW5","NW5",36382
"NW6","NW6",71980
"NW7","NW7",28374
"NW8","NW8",40525
"NW9","NW9",70907
"NW10","NW10",97883
"NW11","NW11",36088
"OL1","OL1",23480
"OL2","OL2",40905
"OL3","OL3",15690
"OL4","OL4",46353
"OL5","OL5",11366
"OL6","OL6",30095
"OL7","OL7",17530
"OL8","OL8",45029
"OL9","OL9",42982
"OL10","OL10",29493
"OL11","OL11",47422
"OL12","OL12",47456
"OL13","OL13",16106
"OL14","OL14",16112
"OL15","OL15",14553
"OL16","OL16",39472
"OX1","OX1",27233
"OX2","OX2",41115
"OX3","OX3",47019
"OX4","OX4",59693
"OX5","OX5",24097
"OX7","OX7",23937
"OX9","OX9",14865
"OX10","OX10",27343
"OX11","OX11",39491
"OX12","OX12",27355
"OX13","OX13",15096
"OX14","OX14",46355
"OX15","OX15",19340
"OX16","OX16",48201
"OX17","OX17",18301
"OX18","OX18",26917
"OX20","OX20",5241
"OX25","OX25",11473
"OX26","OX26",35060
"OX27","OX27",7200
"OX28","OX28",28348
"OX29","OX29",24146
"OX33","OX33",7705
"OX39","OX39_OX49",11750
"OX44","OX44",8088
"OX49","OX39_OX49",11750
"PA1","PA1",22628
"PA2","PA2",39935
"PA3","PA3",24336
"PA4","PA4",25325
"PA5","PA5",21655
"PA6","PA6",6650
"PA7","PA7",7407
"PA8","PA8",14898
"PA9","PA10_PA12_PA9",8959
"PA10","PA10_PA12_PA9",8959
"PA11","PA11",5756
"PA12","PA10_PA12_PA9",8959
"PA13","PA13_PA14",19980
"PA14","PA13_PA14",19980
"PA15","PA15",17073
"PA16","PA16_PA18",30362
"PA17","KA30_PA17",13422
"PA18","PA16_PA18",30362
"PA19","PA19",10969
"PA20","PA20",6114
"PA21","PA21_PA22_PA24_PA25_PA26_PA27_PA32_PA33_PA35_PA36_PA37_PA38",9601
"PA22","PA21_PA22_PA24_PA25_PA26_PA27_PA32_PA33_PA35_PA36_PA37_PA38",9601
"PA23","PA23",11880
"PA24","PA21_PA22_PA24_PA25_PA26_PA27_PA32_PA33_PA35_PA36_PA37_PA38",9601
"PA25","PA21_PA22_PA24_PA25_PA26_PA27_PA32_PA33_PA35_PA36_PA37_PA38",9601
"PA26","PA21_PA22_PA24_PA25_PA26_PA27_PA32_PA33_PA35_PA36_PA37_PA38",9601
"PA27","PA21_PA22_PA24_PA25_PA26_PA27_PA32_PA33_PA35_PA36_PA37_PA38",9601
"PA28","KA27_PA28",11519
"PA29","PA29_PA30_PA31_PA41_PA42_PA43_PA44_PA45_PA46_PA47_PA48_PA49_PA60",11637
"PA30","PA29_PA30_PA31_PA41_PA42_PA43_PA44_PA45_PA46_PA47_PA48_PA49_PA60",11637
"PA31","PA29_PA30_PA31_PA41_PA42_PA43_PA44_PA45_PA46_PA47_PA48_PA49_PA60",11637
"PA32","PA21_PA22_PA24_PA25_PA26_PA27_PA32_PA33_PA35_PA36_PA37_PA38",9601
"PA33","PA21_PA22_PA24_PA25_PA26_PA27_PA32_PA33_PA35_PA36_PA37_PA38",9601
"PA34","PA34_PA61_PA62_PA63_PA64_PA65_PA66_PA67_PA68_PA69_PA70_PA71_PA72_PA73_PA74_PA75_PA76_PA77_PA78",14553
"PA35","PA21_PA22_PA24_PA25_PA26_PA27_PA32_PA33_PA35_PA36_PA37_PA38",9601
"PA36","PA21_PA22_PA24_PA25_PA26_PA27_PA32_PA33_PA35_PA36_PA37_PA38",9601
"PA37","PA21_PA22_PA24_PA25_PA26_PA27_PA32_PA33_PA35_PA36_PA37_PA38",9601
"PA38","PA21_PA22_PA24_PA25_PA26_PA27_PA32_PA33_PA35_PA36_PA37_PA38",9601
"PA41","PA29_PA30_PA31_PA41_PA42_PA43_PA44_PA45_PA46_PA47_PA48_PA49_PA60",11637
"PA42","PA29_PA30_PA31_PA41_PA42_PA43_PA44_PA45_PA46_PA47_PA48_PA49_PA60",11637
"PA43","PA29_PA30_PA31_PA41_PA42_PA43_PA44_PA45_PA46_PA47_PA48_PA49_PA60",11637
"PA44","PA29_PA30_PA31_PA41_PA42_PA43_PA44_PA45_PA46_PA47_PA48_PA49_PA60",11637
"PA45","PA29_PA30_PA31_PA41_PA42_PA43_PA44_PA45_PA46_PA47_PA48_PA49_PA60",11637
"PA46","PA29_PA30_PA31_PA41_PA42_PA43_PA44_PA45_PA46_PA47_PA48_PA49_PA60",11637
"PA47","PA29_PA30_PA31_PA41_PA42_PA43_PA44_PA45_PA46_PA47_PA48_PA49_PA60",11637
"PA48","PA29_PA30_PA31_PA41_PA42_PA43_PA44_PA45_PA46_PA47_PA48_PA49_PA60",11637
"PA49","PA29_PA30_PA31_PA41_PA42_PA43_PA44_PA45_PA46_PA47_PA48_PA49_PA60",11637
"PA60","PA29_PA30_PA31_PA41_PA42_PA43_PA44_PA45_PA46_PA47_PA48_PA49_PA60",11637
"PA61","PA34_PA61_PA62_PA63_PA64_PA65_PA66_PA67_PA68_PA69_PA70_PA71_PA72_PA73_PA74_PA75_PA76_PA77_PA78",14553
"PA62","PA34_PA61_PA62_PA63_PA64_PA65_PA66_PA67_PA68_PA69_PA70_PA71_PA72_PA73_PA74_PA75_PA76_PA77_PA78",14553
"PA63","PA34_PA61_PA62_PA63_PA64_PA65_PA66_PA67_PA68_PA69_PA70_PA71_PA72_PA73_PA74_PA75_PA76_PA77_PA78",14553
"PA64","PA34_PA61_PA62_PA63_PA64_PA65_PA66_PA67_PA68_PA69_PA70_PA71_PA72_PA73_PA74_PA75_PA76_PA77_PA78",14553
"PA65","PA34_PA61_PA62_PA63_PA64_PA65_PA66_PA67_PA68_PA69_PA70_PA71_PA72_PA73_PA74_PA75_PA76_PA77_PA78",14553
"PA66","PA34_PA61_PA62_PA63_PA64_PA65_PA66_PA67_PA68_PA69_PA70_PA71_PA72_PA73_PA74_PA75_PA76_PA77_PA78",14553
"PA67","PA34_PA61_PA62_PA63_PA64_PA65_PA66_PA67_PA68_PA69_PA70_PA71_PA72_PA73_PA74_PA75_PA76_PA77_PA78",14553
"PA68","PA34_PA61_PA62_PA63_PA64_PA65_PA66_PA67_PA68_PA69_PA70_PA71_PA72_PA73_PA74_PA75_PA76_PA77_PA78",14553
"PA69","PA34_PA61_PA62_PA63_PA64_PA65_PA66_PA67_PA68_PA69_PA70_PA71_PA72_PA73_PA74_PA75_PA76_PA77_PA78",14553
"PA70","PA34_PA61_PA62_PA63_PA64_PA65_PA66_PA67_PA68_PA69_PA70_PA71_PA72_PA73_PA74_PA75_PA76_PA77_PA78",14553
"PA71","PA34_PA61_PA62_PA63_PA64_PA65_PA66_PA67_PA68_PA69_PA70_PA71_PA72_PA73_PA74_PA75_PA76_PA77_PA78",14553
"PA72","PA34_PA61_PA62_PA63_PA64_PA65_PA66_PA67_PA68_PA69_PA70_PA71_PA72_PA73_PA74_PA75_PA76_PA77_PA78",14553
"PA73","PA34_PA61_PA62_PA63_PA64_PA65_PA66_PA67_PA68_PA69_PA70_PA71_PA72_PA73_PA74_PA75_PA76_PA77_PA78",14553
"PA74","PA34_PA61_PA62_PA63_PA64_PA65_PA66_PA67_PA68_PA69_PA70_PA71_PA72_PA73_PA74_PA75_PA76_PA77_PA78",14553
"PA75","PA34_PA61_PA62_PA63_PA64_PA65_PA66_PA67_PA68_PA69_PA70_PA71_PA72_PA73_PA74_PA75_PA76_PA77_PA78",14553
"PA76","PA34_PA61_PA62_PA63_PA64_PA65_PA66_PA67_PA68_PA69_PA70_PA71_PA72_PA73_PA74_PA75_PA76_PA77_PA78",14553
"PA77","PA34_PA61_PA62_PA63_PA64_PA65_PA66_PA67_PA68_PA69_PA70_PA71_PA72_PA73_PA74_PA75_PA76_PA77_PA78",14553
"PA78","PA34_PA61_PA62_PA63_PA64_PA65_PA66_PA67_PA68_PA69_PA70_PA71_PA72_PA73_PA74_PA75_PA76_PA77_PA78",14553
"PA80","PA80_PH33",12291
"PE1","PE1",55064
"PE2","PE2",49157
"PE3","PE3_PE5",32816
"PE4","PE4",28415
"PE5","PE3_PE5",32816
"PE6","PE6",37561
"PE7","PE7",47286
"PE8","PE8",19003
"PE9","PE9",32776
"PE10","PE10",24589
"PE11","PE11",47457
"PE12","PE12",40696
"PE13","PE13",38455
"PE14","PE14",21416
"PE15","PE15",31030
"PE16","PE16",11284
"PE19","PE19",47168
"PE20","PE20",14700
"PE21","PE21",46993
"PE22","PE22",17154
"PE23","PE23",9101
"PE24","PE24",11917
"PE25","PE25",22356
"PE26","PE26",11629
"PE27","PE27",20983
"PE28","PE28",49065
"PE29","PE29",31749
"PE30","PE30",46597
"PE31","PE31_PE35",19825
"PE32","PE32",15753
"PE33","PE33",16188
"PE34","PE34",14402
"PE35","PE31_PE35",19825
"PE36","PE36",6149
"PE37","PE37",11386
"PE38","PE38",15851
"PH1","PH1",44053
"PH2","PH2",36035
"PH3","PH3",6937
"PH4","FK14_PH4_PH5_PH6",8756
"PH5","FK14_PH4_PH5_PH6",8756
"PH6","FK14_PH4_PH5_PH6",8756
"PH7","PH7",8997
"PH8","PH15_PH16_PH17_PH18_PH8_PH9",11776
"PH9","PH15_PH16_PH17_PH18_PH8_PH9",11776
"PH10","PH10",11058
"PH11","PH11_PH12",5571
"PH12","PH11_PH12",5571
"PH13","PH13_PH14",6491
"PH14","PH13_PH14",6491
"PH15","PH15_PH16_PH17_PH18_PH8_PH9",11776
"PH16","PH15_PH16_PH17_PH18_PH8_PH9",11776
"PH17","PH15_PH16_PH17_PH18_PH8_PH9",11776
"PH18","PH15_PH16_PH17_PH18_PH8_PH9",11776
"PH19","PH19_PH21_PH30_PH34_PH36_PH37_PH38_PH39_PH40_PH41_PH49_PH50",8477
"PH20","IV13_PH20_PH22_PH23_PH24_PH25_PH26",12298
"PH21","PH19_PH21_PH30_PH34_PH36_PH37_PH38_PH39_PH40_PH41_PH49_PH50",8477
"PH22","IV13_PH20_PH22_PH23_PH24_PH25_PH26",12298
"PH23","IV13_PH20_PH22_PH23_PH24_PH25_PH26",12298
"PH24","IV13_PH20_PH22_PH23_PH24_PH25_PH26",12298
"PH25","IV13_PH20_PH22_PH23_PH24_PH25_PH26",12298
"PH26","IV13_PH20_PH22_PH23_PH24_PH25_PH26",12298
"PH30","PH19_PH21_PH30_PH34_PH36_PH37_PH38_PH39_PH40_PH41_PH49_PH50",8477
"PH31","IV40_IV63_PH31_PH32_PH35",6670
"PH32","IV40_IV63_PH31_PH32_PH35",6670
"PH33","PA80_PH33",12291
"PH34","PH19_PH21_PH30_PH34_PH36_PH37_PH38_PH39_PH40_PH41_PH49_PH50",8477
"PH35","IV40_IV63_PH31_PH32_PH35",6670
"PH36","PH19_PH21_PH30_PH34_PH36_PH37_PH38_PH39_PH40_PH41_PH49_PH50",8477
"PH37","PH19_PH21_PH30_PH34_PH36_PH37_PH38_PH39_PH40_PH41_PH49_PH50",8477
"PH38","PH19_PH21_PH30_PH34_PH36_PH37_PH38_PH39_PH40_PH41_PH49_PH50",8477
"PH39","PH19_PH21_PH30_PH34_PH36_PH37_PH38_PH39_PH40_PH41_PH49_PH50",8477
"PH40","PH19_PH21_PH30_PH34_PH36_PH37_PH38_PH39_PH40_PH41_PH49_PH50",8477
"PH41","PH19_PH21_PH30_PH34_PH36_PH37_PH38_PH39_PH40_PH41_PH49_PH50",8477
"PH42","IV41_IV42_IV43_IV44_IV45_IV46_IV47_IV48_IV49_IV55_IV56_PH42_PH43_PH44",5091
"PH43","IV41_IV42_IV43_IV44_IV45_IV46_IV47_IV48_IV49_IV55_IV56_PH42_PH43_PH44",5091
"PH44","IV41_IV42_IV43_IV44_IV45_IV46_IV47_IV48_IV49_IV55_IV56_PH42_PH43_PH44",5091
"PH49","PH19_PH21_PH30_PH34_PH36_PH37_PH38_PH39_PH40_PH41_PH49_PH50",8477
"PH50","PH19_PH21_PH30_PH34_PH36_PH37_PH38_PH39_PH40_PH41_PH49_PH50",8477
"PL1","PL1",26074
"PL2","PL2",33185
"PL3","PL3",30992
"PL4","PL4",36538
"PL5","PL5",43927
"PL6","PL6",41505
"PL7","PL7",31177
"PL8","PL8",6121
"PL9","PL9_PL95",28883
"PL10","PL10_PL11",13841
"PL11","PL10_PL11",13841
"PL12","PL12",22384
"PL13","PL13",9409
"PL14","PL14",24057
"PL15","PL15",21956
"PL16","PL16_PL19",18544
"PL17","PL17",10099
"PL18","PL18",5149
"PL19","PL16_PL19",18544
"PL20","PL20",11998
"PL21","PL21",18032
"PL22","PL22_PL23",7326
"PL23","PL22_PL23",7326
"PL24","PL24",10851
"PL25","PL25",27763
"PL26","PL26",28540
"PL27","PL27_PL28",17478
"PL28","PL27_PL28",17478
"PL29","PL29_PL30",11590
"PL30","PL29_PL30",11590
"PL31","PL31",16007
"PL32","PL32_PL33_PL34_PL35",9470
"PL33","PL32_PL33_PL34_PL35",9470
"PL34","PL32_PL33_PL34_PL35",9470
"PL35","PL32_PL33_PL34_PL35",9470
"PL95","PL9_PL95",28883
"PO1","PO1",33774
"PO2","PO2",42467
"PO3","PO3",20719
"PO4","PO4",44067
"PO5","PO5",31817
"PO6","PO6",42050
"PO7","PO7",43640
"PO8","PO8",35328
"PO9","PO9",51071
"PO10","PO10",18955
"PO11","PO11",17915
"PO12","PO12",48696
"PO13","PO13",36724
"PO14","PO14",33676
"PO15","PO15",23650
"PO16","PO16",33573
"PO17","PO17",6685
"PO18","PO18",13971
"PO19","PO19",33528
"PO20","PO20",34122
"PO21","PO21",43671
"PO22","PO22",31236
"PO30","PO30",31541
"PO31","PO31",14863
"PO32","PO32",8691
"PO33","PO33_PO34",33809
"PO34","PO33_PO34",33809
"PO35","PO35_PO36",20461
"PO36","PO35_PO36",20461
"PO37","PO37",9351
"PO38","PO38",12542
"PO39","PO39_PO40_PO41",10279
"PO40","PO39_PO40_PO41",10279
"PO41","PO39_PO40_PO41",10279
"PR0","PR0_PR1",74875
"PR1","PR0_PR1",74875
"PR2","PR11_PR2",76995
"PR3","PR3",39604
"PR4","PR4",60564
"PR5","PR5",40748
"PR6","PR6",36395
"PR7","PR7",63409
"PR8","PR8",55432
"PR9","PR9",43595
"PR11","PR11_PR2",76995
"PR25","PR25",32131
"PR26","PR26",15495
"RG1","RG1",46211
"RG2","RG2",43850
"RG4","RG4",38773
"RG5","RG5",27030
"RG6","RG6",39902
"RG7","RG7",33097
"RG8","RG8",19417
"RG9","RG9",22794
"RG10","RG10",18720
"RG12","RG12",58465
"RG14","RG14",41450
"RG17","RG17",15716
"RG18","RG18",19912
"RG19","RG19",16558
"RG20","RG20",19891
"RG21","RG21",28741
"RG22","RG22",42214
"RG23","RG23",12884
"RG24","RG24",35493
"RG25","RG25",8153
"RG26","RG26",21850
"RG27","RG27",23132
"RG28","RG28",5956
"RG29","RG29",7278
"RG30","RG30",44909
"RG31","RG31",27661
"RG40","RG40",29743
"RG41","RG41",30067
"RG42","RG42",26804
"RG45","RG45",14624
"RH1","RH1",49971
"RH2","RH2",27555
"RH3","RH3_RH5",20500
"RH4","RH4",16479
"RH5","RH3_RH5",20500
"RH6","RH6",32686
"RH7","RH7",8942
"RH8","RH8",15560
"RH9","RH9",5675
"RH10","RH10",69683
"RH11","RH11",57966
"RH12","RH12",50180
"RH13","RH13",39491
"RH14","RH14",15668
"RH15","RH15",32977
"RH16","RH16",38644
"RH17","RH17",19505
"RH18","RH18_TN7",7157
"RH19","RH19",35281
"RH20","RH20",25977
"RM1","RM1",23295
"RM2","RM2",14130
"RM3","RM3",47027
"RM4","CM5_RM4",15194
"RM5","RM5",20254
"RM6","RM6",36417
"RM7","RM7",31827
"RM8","RM8",46406
"RM9","RM9",38914
"RM10","RM10",42663
"RM11","RM11",32393
"RM12","RM12",35683
"RM13","RM13",30913
"RM14","RM14",27554
"RM15","RM15",31256
"RM16","RM16",43705
"RM17","RM17",29781
"RM18","RM18",19029
"RM19","RM19",8023
"RM20","RM20",6946
"S1","S1",15562
"S2","S2",48968
"S3","S3",27000
"S4","S4",16099
"S5","S5",63663
"S6","S6",59734
"S7","S7",17786
"S8","S8",45952
"S9","S9",29906
"S10","S10",49552
"S11","S11",36051
"S12","S12",34758
"S13","S13",31093
"S14","S14",10317
"S17","S17",16041
"S18","S18",24663
"S20","S20",30386
"S21","S21",20925
"S25","S25",21543
"S26","S26",25726
"S32","S32",5700
"S33","S33_SK22",17136
"S35","S35",40516
"S36","S36",29174
"S40","S40_S49",35806
"S41","S41",36567
"S42","S42",29117
"S43","S43",41448
"S44","S44",22173
"S45","S45",14264
"S49","S40_S49",35806
"S60","S60",41033
"S61","S61",35504
"S62","S62",20284
"S63","S63",41810
"S64","S64",31260
"S65","S65",36280
"S66","S66",45916
"S70","S70",42040
"S71","S71",48403
"S72","S72",26077
"S73","S73",29071
"S74","S74",18429
"S75","S75",44752
"S80","S80",31673
"S81","S81",37902
"SA1","SA1",52270
"SA2","SA2",38073
"SA3","SA3",26169
"SA4","SA4",46059
"SA5","SA5",37651
"SA6","SA6",33620
"SA7","SA7",15629
"SA8","SA8",13041
"SA9","SA9",15321
"SA10","SA10",31405
"SA11","SA11",36437
"SA12","SA12",33213
"SA13","SA13",19971
"SA14","SA14",34868
"SA15","SA15",38089
"SA16","SA16",8476
"SA17","SA17",9473
"SA18","SA18",30285
"SA19","SA19_SA20",12948
"SA20","SA19_SA20",12948
"SA31","SA31",18016
"SA32","SA32_SA39",10038
"SA33","SA33_SA38",17231
"SA34","SA34",5091
"SA35","SA35_SA36_SA37_SA41_SA42",7025
"SA36","SA35_SA36_SA37_SA41_SA42",7025
"SA37","SA35_SA36_SA37_SA41_SA42",7025
"SA38","SA33_SA38",17231
"SA39","SA32_SA39",10038
"SA40","SA40_SA48_SY25",16588
"SA41","SA35_SA36_SA37_SA41_SA42",7025
"SA42","SA35_SA36_SA37_SA41_SA42",7025
"SA43","SA43",13048
"SA44","SA44",11137
"SA45","SA45_SA46_SA47",5296
"SA46","SA45_SA46_SA47",5296
"SA47","SA45_SA46_SA47",5296
"SA48","SA40_SA48_SY25",16588
"SA61","SA61",14712
"SA62","SA62",21736
"SA63","SA63_SA64_SA65_SA66",11393
"SA64","SA63_SA64_SA65_SA66",11393
"SA65","SA63_SA64_SA65_SA66",11393
"SA66","SA63_SA64_SA65_SA66",11393
"SA67","SA67",7162
"SA68","SA68_SA69",7950
"SA69","SA68_SA69",7950
"SA70","SA70",9055
"SA71","SA71",10862
"SA72","SA72",10193
"SA73","SA73",21376
"SE1","SE1",79390
"SE2","SE2",28802
"SE3","SE3",34744
"SE4","SE4",30384
"SE5","SE5",49776
"SE6","SE6",57803
"SE7","SE7",22416
"SE8","SE8",32100
"SE9","SE9",65761
"SE10","SE10",34799
"SE11","SE11",22308
"SE12","SE12",29796
"SE13","SE13",47517
"SE14","SE14",26764
"SE15","SE15",67667
"SE16","SE16",57201
"SE17","SE17",34524
"SE18","SE18",86108
"SE19","SE19",29980
"SE20","SE20",25680
"SE21","SE21",15377
"SE22","SE22",32086
"SE23","SE23",36056
"SE24","SE24",19607
"SE25","SE25",36922
"SE26","SE26",31935
"SE27","SE27",23217
"SE28","SE28",34789
"SG1","SG1",55217
"SG2","SG2",42789
"SG3","SG3",7504
"SG4","SG4",30171
"SG5","SG5",35528
"SG6","SG6",34477
"SG7","SG7",13671
"SG8","SG8",39148
"SG9","SG9",11106
"SG10","SG10_SG11",10372
"SG11","SG10_SG11",10372
"SG12","SG12",31393
"SG13","SG13",17324
"SG14","SG14",20724
"SG15","SG15",6092
"SG16","SG16",6801
"SG17","SG17",13714
"SG18","SG18",28656
"SG19","SG19",25384
"SK1","SK1",12066
"SK2","SK2",30058
"SK3","SK3",29031
"SK4","SK4",35884
"SK5","SK5",30705
"SK6","SK6",51268
"SK7","SK7",41339
"SK8","SK8",60718
"SK9","SK9",39038
"SK10","SK10",39803
"SK11","SK11",36393
"SK12","SK12",19113
"SK13","SK13",33402
"SK14","SK14",48331
"SK15","SK15",28183
"SK16","SK16",19820
"SK17","SK17",32255
"SK22","S33_SK22",17136
"SK23","SK23",17879
"SL0","SL0",11852
"SL1","SL1",73395
"SL2","SL2",56194
"SL3","SL3",49032
"SL4","SL4",45090
"SL5","SL5",24828
"SL6","SL6",82161
"SL7","SL7",20944
"SL8","SL8",6515
"SL9","SL9",21662
"SM1","SM1",41532
"SM2","SM2",29244
"SM3","SM3",22116
"SM4","SM4",37250
"SM5","SM5",41318
"SM6","SM6",39468
"SM7","SM7",19842
"SN1","SN1",35831
"SN2","SN2",42907
"SN3","SN3",54163
"SN4","SN4",27847
"SN5","SN38_SN5",33897
"SN6","SN26_SN6",23395
"SN7","SN7",14730
"SN8","SN8",24567
"SN9","SN9",8263
"SN10","SN10",32342
"SN11","SN11",23532
"SN12","SN12",27241
"SN13","SN13",17003
"SN14","SN14",28430
"SN15","SN15",36230
"SN16","SN16",14662
"SN25","SN25",39987
"SN26","SN26_SN6",23395
"SN38","SN38_SN5",33897
"SO14","SO14",32045
"SO15","SO15",46624
"SO16","SO16",68918
"SO17","SO17",21630
"SO18","SO18",37591
"SO19","SO19",57021
"SO20","SO20",8255
"SO21","SO21",19854
"SO22","SO22",30092
"SO23","SO23",25197
"SO24","SO24",11252
"SO30","SO30",33691
"SO31","SO31",46874
"SO32","SO32",21117
"SO40","SO40",42718
"SO41","SO41",32595
"SO42","SO42_SO43",9609
"SO43","SO42_SO43",9609
"SO45","SO45",35069
"SO50","SO50",50164
"SO51","SO51",28535
"SO52","SO52",7029
"SO53","SO53",32836
"SP1","SP1",22453
"SP2","SP2",29839
"SP3","SP3",11813
"SP4","SP4",36186
"SP5","SP5",22445
"SP6","SP6",14051
"SP7","SP7",15130
"SP8","SP8",14712
"SP9","SP9",12923
"SP10","SP10",40846
"SP11","SP11",30724
"SR1","SR1",6080
"SR2","SR2",33404
"SR3","SR3",37895
"SR4","SR4",42909
"SR5","SR5",34758
"SR6","SR6",29984
"SR7","SR7",31612
"SR8","SR8",34261
"SS0","SS0",43532
"SS1","SS1",28181
"SS2","SS2_SS99",38337
"SS3","SS3",29730
"SS4","SS4",21877
"SS5","SS5",22870
"SS6","SS6",33223
"SS7","SS7",50758
"SS8","SS8",38689
"SS9","SS9",51716
"SS11","SS11",18413
"SS12","SS12",18811
"SS13","SS13",22845
"SS14","SS14",28542
"SS15","SS15",33356
"SS16","SS16",31903
"SS17","SS17",32737
"SS99","SS2_SS99",38337
"ST1","ST1",32256
"ST2","ST2",34559
"ST3","ST3",68121
"ST4","ST4",57473
"ST5","ST5_ST55",87100
"ST6","ST6",67158
"ST7","ST7",53948
"ST8","ST8",20690
"ST9","ST9",12170
"ST10","ST10",25545
"ST11","ST11",9948
"ST12","ST12_ST20",10930
"ST13","ST13",28583
"ST14","ST14",20746
"ST15","ST15",22020
"ST16","ST16",33491
"ST17","ST17",39047
"ST18","ST18",17718
"ST19","ST19",15302
"ST20","ST12_ST20",10930
"ST21","ST21",6271
"ST55","ST5_ST55",87100
"SW1A","SW1A_SW1E_SW1H_W1A_W1B_W1C_W1K_W1S_W1W",12585
"SW1E","SW1A_SW1E_SW1H_W1A_W1B_W1C_W1K_W1S_W1W",12585
"SW1H","SW1A_SW1E_SW1H_W1A_W1B_W1C_W1K_W1S_W1W",12585
"SW1P","SW1P",16197
"SW1V","SW1V",26534
"SW1W","SW1W",9307
"SW1X","SW1X",7044
"SW1Y","SW1Y_WC2B_WC2E_WC2H_WC2N_WC2R",6900
"SW2","SW2",57052
"SW3","SW3",22882
"SW4","SW4",41797
"SW5","SW5",15159
"SW6","SW6",67177
"SW7","SW7",20855
"SW8","SW8",36167
"SW9","SW9",46268
"SW10","SW10",19519
"SW11","SW11",80862
"SW12","SW12",32912
"SW13","SW13",15835
"SW14","SW14",17444
"SW15","SW15",65018
"SW16","SW16",90115
"SW17","SW17",66407
"SW18","SW18",64413
"SW19","SW19",79102
"SW20","SW20",30055
"SY1","SY1",28223
"SY2","SY2",18435
"SY3","SY3",34839
"SY4","SY4",25997
"SY5","SY5",22241
"SY6","SY6_SY9",9974
"SY7","SY7",11596
"SY8","SY8",19050
"SY9","SY6_SY9",9974
"SY10","SY10",15802
"SY11","SY11",27709
"SY12","SY12",8676
"SY13","SY13",19927
"SY14","SY14",6420
"SY15","SY15",5273
"SY16","SY16",15945
"SY17","SY17_SY19_SY20",11518
"SY18","LD4_LD5_LD6_SY18",9261
"SY19","SY17_SY19_SY20",11518
"SY20","SY17_SY19_SY20",11518
"SY21","SY21",17009
"SY22","SY22",8952
"SY23","SY23_SY24",33179
"SY24","SY23_SY24",33179
"SY25","SA40_SA48_SY25",16588
"TA1","TA1",42047
"TA2","TA2",30004
"TA3","TA3",14810
"TA4","TA4",19598
"TA5","TA5",11669
"TA6","TA6",51122
"TA7","TA7",15527
"TA8","TA8",16826
"TA9","TA9",13642
"TA10","TA10",9784
"TA11","TA11",9159
"TA12","TA12_TA13",10564
"TA13","TA12_TA13",10564
"TA14","TA14_TA15_TA16_TA17",6181
"TA15","TA14_TA15_TA16_TA17",6181
"TA16","TA14_TA15_TA16_TA17",6181
"TA17","TA14_TA15_TA16_TA17",6181
"TA18","TA18",10298
"TA19","TA19",12133
"TA20","TA20",21006
"TA21","TA21",20205
"TA22","TA22_TA23",7906
"TA23","TA22_TA23",7906
"TA24","TA24",18971
"TD1","TD1",18097
"TD2","EH38_EH43_EH44_TD10_TD2_TD3_TD4",11814
"TD3","EH38_EH43_EH44_TD10_TD2_TD3_TD4",11814
"TD4","EH38_EH43_EH44_TD10_TD2_TD3_TD4",11814
"TD5","TD5",11343
"TD6","TD6",8237
"TD7","TD7",7166
"TD8","TD8",6127
"TD9","TD9",18111
"TD10","EH38_EH43_EH44_TD10_TD2_TD3_TD4",11814
"TD11","TD11",7502
"TD12","NE71_TD12",7205
"TD13","TD13_TD14",7184
"TD14","TD13_TD14",7184
"TD15","TD15",18223
"TF1","TF1",40545
"TF2","TF2",40110
"TF3","TF3",25559
"TF4","TF4",21320
"TF5","TF5_TF6",10399
"TF6","TF5_TF6",10399
"TF7","TF7",18795
"TF8","TF13_TF8",6565
"TF9","TF9",26764
"TF10","TF10",19704
"TF11","TF11",11445
"TF12","TF12",5487
"TF13","TF13_TF8",6565
"TN1","TN1",13030
"TN2","TN2",29653
"TN3","TN3",12078
"TN4","TN4",31935
"TN5","TN20_TN5",12362
"TN6","TN6",26277
"TN7","RH18_TN7",7157
"TN8","TN8",13980
"TN9","TN9",19182
"TN10","TN10",17053
"TN11","TN11",14953
"TN12","TN12",30273
"TN13","TN13",26185
"TN14","TN14",16626
"TN15","TN15",25465
"TN16","TN16",19085
"TN17","TN17",14614
"TN18","TN18",6493
"TN19","TN19",5319
"TN20","TN20_TN5",12362
"TN21","TN21",16947
"TN22","TN22",28357
"TN23","TN23",44398
"TN24","TN24",33819
"TN25","TN25",18602
"TN26","TN26",12138
"TN27","TN27",13652
"TN28","TN28",9174
"TN29","TN29",13815
"TN30","TN30",9423
"TN31","TN31_TN36",17088
"TN32","TN32",5182
"TN33","TN33",13423
"TN34","TN34",31207
"TN35","TN35",17829
"TN36","TN31_TN36",17088
"TN37","TN37",21180
"TN38","TN38",29454
"TN39","TN39",26918
"TN40","TN40",18591
"TQ1","TQ1",31951
"TQ2","TQ2",35793
"TQ3","TQ3",31769
"TQ4","TQ4",19731
"TQ5","TQ5",19277
"TQ6","TQ6",8249
"TQ7","TQ7_TQ8",18935
"TQ8","TQ7_TQ8",18935
"TQ9","TQ9",18716
"TQ10","TQ10_TQ11",8235
"TQ11","TQ10_TQ11",8235
"TQ12","TQ12",56732
"TQ13","TQ13",24142
"TQ14","TQ14",20095
"TR1","TR1",22500
"TR2","TR2",10177
"TR3","TR3",13174
"TR4","TR4",12351
"TR5","TR5_TR6",7969
"TR6","TR5_TR6",7969
"TR7","TR7",21276
"TR8","TR8",10128
"TR9","TR9",8894
"TR10","TR10",13261
"TR11","TR11",30838
"TR12","TR12",10194
"TR13","TR13",20767
"TR14","TR14",26048
"TR15","TR15",21412
"TR16","TR16",15922
"TR17","TR17_TR20",11441
"TR18","TR18",19529
"TR19","TR19_TR21_TR22_TR23_TR24_TR25",11480
"TR20","TR17_TR20",11441
"TR21","TR19_TR21_TR22_TR23_TR24_TR25",11480
"TR22","TR19_TR21_TR22_TR23_TR24_TR25",11480
"TR23","TR19_TR21_TR22_TR23_TR24_TR25",11480
"TR24","TR19_TR21_TR22_TR23_TR24_TR25",11480
"TR25","TR19_TR21_TR22_TR23_TR24_TR25",11480
"TR26","TR26",11335
"TR27","TR27",16118
"TS1","TS1",19087
"TS2","TS18_TS2",26978
"TS3","TS3",28686
"TS4","TS4",18201
"TS5","TS5",39540
"TS6","TS6",30568
"TS7","TS7",21804
"TS8","TS8",21268
"TS9","TS9",12674
"TS10","TS10",37768
"TS11","TS11",11200
"TS12","TS12",23197
"TS13","TS13",10028
"TS14","TS14",18216
"TS15","TS15",13593
"TS16","TS16",10485
"TS17","TS17",48469
"TS18","TS18_TS2",26978
"TS19","TS19",37423
"TS20","TS20",21288
"TS21","TS21",12563
"TS22","TS22",9390
"TS23","TS23",29370
"TS24","TS24",22653
"TS25","TS25",38840
"TS26","TS26",25521
"TS27","TS27",11945
"TS28","TS28",5301
"TS29","TS29",6196
"TW1","TW1",27770
"TW2","TW2",31658
"TW3","TW3",44712
"TW4","TW4",30124
"TW5","TW5",30359
"TW6","TW6_UB11_UB7",35792
"TW7","TW7",39244
"TW8","TW8",22106
"TW9","TW9",23495
"TW10","TW10",20802
"TW11","TW11",24832
"TW12","TW12",23697
"TW13","TW13",39210
"TW14","TW14",29628
"TW15","TW15",28223
"TW16","TW16",21540
"TW17","TW17",13895
"TW18","TW18",26629
"TW19","TW19",18137
"TW20","TW20",27929
"UB1","UB1",39556
"UB2","UB18_UB2",34216
"UB3","UB3",56925
"UB4","UB4",43536
"UB5","UB5",46133
"UB6","UB6",50502
"UB7","TW6_UB11_UB7",35792
"UB8","UB8",39306
"UB9","UB9",14838
"UB10","UB10",39119
"UB11","TW6_UB11_UB7",35792
"UB18","UB18_UB2",34216
"W1A","SW1A_SW1E_SW1H_W1A_W1B_W1C_W1K_W1S_W1W",12585
"W1B","SW1A_SW1E_SW1H_W1A_W1B_W1C_W1K_W1S_W1W",12585
"W1C","SW1A_SW1E_SW1H_W1A_W1B_W1C_W1K_W1S_W1W",12585
"W1D","W1D_W1F_W1G_W1J",8497
"W1F","W1D_W1F_W1G_W1J",8497
"W1G","W1D_W1F_W1G_W1J",8497
"W1H","W1H",7571
"W1J","W1D_W1F_W1G_W1J",8497
"W1K","SW1A_SW1E_SW1H_W1A_W1B_W1C_W1K_W1S_W1W",12585
"W1S","SW1A_SW1E_SW1H_W1A_W1B_W1C_W1K_W1S_W1W",12585
"W1T","W1T",5566
"W1U","W1U",6388
"W1W","SW1A_SW1E_SW1H_W1A_W1B_W1C_W1K_W1S_W1W",12585
"W2","W2",53960
"W3","W3",55391
"W4","W4",44769
"W5","W5",50256
"W6","W6",35594
"W7","W7",28306
"W8","W8",19814
"W9","W9",42983
"W10","W10",33594
"W11","W11",30377
"W12","W12",49472
"W13","W13",31710
"W14","W14",36541
"WA1","WA1",22855
"WA2","WA2",41987
"WA3","WA3",47530
"WA4","WA4",48775
"WA5","WA5",61527
"WA6","WA6",19140
"WA7","WA7",63156
"WA8","WA8_WA88",64199
"WA9","WA9",50807
"WA10","WA10",39904
"WA11","WA11",40226
"WA12","WA12",24278
"WA13","WA13",13144
"WA14","WA14",31308
"WA15","WA15",43777
"WA16","WA16",23670
"WA88","WA8_WA88",64199
"WC1A","EC1N_WC1A_WC1B_WC1E_WC1R_WC1V_WC2A",9797
"WC1B","EC1N_WC1A_WC1B_WC1E_WC1R_WC1V_WC2A",9797
"WC1E","EC1N_WC1A_WC1B_WC1E_WC1R_WC1V_WC2A",9797
"WC1H","WC1H",9122
"WC1N","WC1N",9297
"WC1R","EC1N_WC1A_WC1B_WC1E_WC1R_WC1V_WC2A",9797
"WC1V","EC1N_WC1A_WC1B_WC1E_WC1R_WC1V_WC2A",9797
"WC1X","WC1X",8766
"WC2A","EC1N_WC1A_WC1B_WC1E_WC1R_WC1V_WC2A",9797
"WC2B","SW1Y_WC2B_WC2E_WC2H_WC2N_WC2R",6900
"WC2E","SW1Y_WC2B_WC2E_WC2H_WC2N_WC2R",6900
"WC2H","SW1Y_WC2B_WC2E_WC2H_WC2N_WC2R",6900
"WC2N","SW1Y_WC2B_WC2E_WC2H_WC2N_WC2R",6900
"WC2R","SW1Y_WC2B_WC2E_WC2H_WC2N_WC2R",6900
"WD3","WD3",42817
"WD4","WD4",11799
"WD5","WD5",11629
"WD6","WD6",39471
"WD7","WD7",12542
"WD17","WD17",19286
"WD18","WD18",26198
"WD19","WD19",28747
"WD23","WD23",27014
"WD24","WD24",22515
"WD25","WD25",29575
"WF1","WF1",38978
"WF2","WF2",52556
"WF3","WF3",33259
"WF4","WF4",44435
"WF5","WF5",22159
"WF6","WF6",21779
"WF7","WF7",21840
"WF8","WF8",33767
"WF9","WF9",41354
"WF10","WF10",49583
"WF11","WF11",17655
"WF12","WF12",35508
"WF13","WF13",30221
"WF14","WF14",20451
"WF15","WF15",17935
"WF16","WF16",12785
"WF17","WF17",44765
"WN1","WN1",20662
"WN2","WN2",53933
"WN3","WN3",31441
"WN4","WN4",28335
"WN5","WN5",45742
"WN6","WN6",39769
"WN7","WN7",48912
"WN8","WN8",46700
"WR1","WR1",10967
"WR2","WR2",31313
"WR3","WR3",20753
"WR4","WR4",25948
"WR5","WR5_WR99",32753
"WR6","WR6",12766
"WR7","WR7",5493
"WR8","WR8",7890
"WR9","WR9",32251
"WR10","WR10",19018
"WR11","WR11",47192
"WR12","WR12",5901
"WR13","WR13",8656
"WR14","WR14",35789
"WR15","WR15",7449
"WR99","WR5_WR99",32753
"WS1","WS1",29469
"WS2","WS2",42427
"WS3","WS3",53204
"WS4","WS4",17218
"WS5","WS5",21917
"WS6","WS6",17878
"WS7","WS7",29734
"WS8","WS8",16443
"WS9","WS9",26496
"WS10","WS10",49320
"WS11","WS11",44447
"WS12","WS12",36326
"WS13","WS13",27661
"WS14","WS14",17433
"WS15","WS15",38948
"WV1","WV1",18239
"WV2","WV2",19167
"WV3","WV3",30662
"WV4","WV4",34782
"WV5","WV5",15736
"WV6","WV6",46115
"WV7","WV7",6486
"WV8","WV8",16173
"WV9","WV9",6896
"WV10","WV10",61116
"WV11","WV11",35516
"WV12","WV12",25174
"WV13","WV13",22055
"WV14","WV14",48899
"WV15","WV15",8584
"WV16","WV16",18568
"YO1","YO1_YO90",7436
"YO7","YO7",20720
"YO8","YO8",46748
"YO10","YO10",34067
"YO11","YO11",23626
"YO12","YO12",40179
"YO13","YO13",10313
"YO14","YO14",11602
"YO15","YO15",13792
"YO16","YO16",25181
"YO17","YO17",23321
"YO18","YO18",11626
"YO19","YO19",12901
"YO21","YO21",13568
"YO22","YO22",8796
"YO23","YO23",20234
"YO24","YO24",30818
"YO25","YO25",33680
"YO26","YO26",31748
"YO30","YO30",27376
"YO31","YO31",32034
"YO32","YO32",28729
"YO41","YO41",10994
"YO42","YO42",15240
"YO43","HU20_YO43",14020
"YO51","YO51",5806
"YO60","YO60_YO62",16903
"YO61","YO61",14709
"YO62","YO60_YO62",16903
"YO90","YO1_YO90",7436
"ZE1","ZE1",8244
"ZE2","ZE2_ZE3",14747
"ZE3","ZE2_ZE3",14747
